prompt,smile1,smile2,tg_actual,tg_predicted,er_actual,er_predicted,tg_error,er_error,model
"Propose two monomers that form a TSMP with Tg around 150°C, Er near 200 MPa, and containing vinyl(C=C) and thiol(CCS) groups.",CC(C)(C4CCC(OCC(O)COC3CCC(C(C)(C)C2CCC(OCC1CO1)CC2)CC3)CC4)C6CCC(OCC5CO5)CC6,CC(N)COCC(C)OCC(C)OCC(C)OCC(C)OCC(C)OCC(C)OCC(C)OCCOCCOCCOCCOCCOCCOCCOCCOCCOCCOCCOCCOCCOCCOCCOCCOCCOCCOCCOCCOCCOCCOCCOCCOCCOCCOCCOCCOCC(C)OCC(C)OCC(C)OCC(C)OCC(C)N,150,246.70969,200,79.4476,96.70968628,-120.5523987,Llama32
"Propose two monomers that form a TSMP with Tg around 40°C, Er near 80 MPa, and containing epoxy(C1OC1) and imine(NC) groups.",CC(C)(c4ccc(OCC(O)COc3ccc(C(C)(C)c2ccc(OCC1CO1)cc2)cc3)cc4)c6ccc(OCC5CO5)cc6,CC(N)COCC(C)OCC(C)OCC(C)OCC(C)OCC(C)OCCOCCOCCOCCOCCOCCOCCOCCOCCOCCOCCOCCOCCOCCOCCOCCOCCOCCOCCOCCOCCOCCOCCOCCOCCOCCOCCOCCOCC(C)OCC(C)OCC(C)OCC(C)OCC(C)N,40,230.17233,80,79.05727,190.1723328,-0.942733765,Llama32
Suggest a polymer system for Tg ≈ 60°C and Er ≈ 100 MPa.,Cc3cc(c2cc(C)c(OCC1CO1)c(C)c2)cc(C)c3OCC4CO4,CC(N)COCC(C)OCC(C)OCC(C)OCC(C)OCC(C)OCCOCCOCCOCCOCCOCCOCCOCCOCCOCCOCCOCCOCCOCCOCCOCCOCCOCCOCCOCCOCCOCCOCCOCCOCCOCCOCCOCCOCCOCC(C)OCC(C)OCC(C)OCC(C)OCC(C)N,60,225.3323,100,79.91301,165.3323059,-20.08699036,Llama32
Propose two monomers that form a TSMP with Tg = 100°C and Er = 100 MPa.,CC(C)(c2ccc(OCCOCC1CO1)cc2)c4ccc(OCCOCC3CO3)cc4,CC(N)COCC(C)OCC(C)OCC(C)OCCOCCOCCOCCOCCOCCOCCOCCOCCOCCOCCOCCOCCOCCOCCOCCOCCOCCOCCOCCOCCOCCOCCOCCOCCOCCOCCOCCOCCOCC(C)OCC(C)OCC(C)OCC(C)OCC(C)N,100,225.07838,100,79.760544,125.0783844,-20.23945618,Llama32
Propose two monomers that form a TSMP with Tg = 60°C and Er = 100 MPa.,C=C(C)C(=O)OCCOCCOCCOCCOCCOCCOCCOCCOCCOCCOCCOCCOCCOCCOCCOCCOCCOC(=O)C(=C)C,C=C(C)C(=O)OCCOCCOCCOCCOCCOCCOCCOCCOCCOCCOCCOCCOCCOCCOCCOCCOCCOCCOCCOCCOCCOCCOC(=O)C(=C)C,60,218.59161,100,34.93009,158.5916138,-65.06990814,Llama32
Propose two monomers that form a TSMP with Tg = 150°C and Er = 200 MPa.,C=C(C)C(=O)OCCOCCOCCOCCOCCOCCOCCOCCOCCOCCOCCOCCOCCOCCOCCOCCOCCOC(=O)C(=C)C,C=C(C)C(=O)OCCOCCOCCOCCOCCOCCOCCOCCOCCOCCOCCOCCOCCOCCOCCOCCOCCOCCOCCOCCOCCOC(=O)C(=C)C,150,214.31569,200,34.26868,64.31568909,-165.7313194,Llama32
Suggest a polymer system for Tg ≈ 150°C and Er ≈ 200 MPa.,C=C(C)C(=C)OCOCCOC(=O)C(=C)C,C=C(C)C(=O)OCCOCCOCCOCCOCCOCCOCCOCCOCCOCCOCCOCCOCCOCCOCCOCCOCCOCCOCCOCCOCCOCCOC(=O)C(=C)C,150,204.11693,200,33.882088,54.1169281,-166.1179123,Llama32
Suggest a polymer system for Tg ≈ 40°C and Er ≈ 80 MPa.,C=CCn1c(=O)n(CC=C)c(=O)n(CC=C)c1=O,C=C(C)C(=O)OCCOCCOCCOCCOCCOCCOCCOCCOCCOCCOCCOCCOCCOCCOCCOCCOCCOCCOCCOCCOCCOCCOC(=O)C(=C)C,40,201.99957,80,32.164085,161.9995728,-47.83591461,Llama32
Propose two monomers that form a TSMP with Tg = 140°C and Er = 80 MPa.,c3cc(N(CC1CO1)CC2CO2)ccc3OCC4CO4,CC(C)(C)NCCCOCCOCCOCCOCCOCCOCCOCCOCCOCCOCCOCCOCCOCCOCCOCCOCCOCCOCCOCCOCCOCCOCCOCCOCCOCCOCCOCCOCCOCCOCCOCCOCCOCCOCCOCCOCCOCCOCCOCCOCCOCCOCCOCCOCCOCCOCCOCCOCCOCCOC(=O)N(C)CC(C)(CN)COCCOCCOCCOCCOCCOCCOCCOCCOCCOCCOCCOCCOC(=O)N(C)CC(C)(CN)COCCOCCOCCOCCOCCOCCOCCOCCOCCOCCOCCOCCOC(=O)N(C)CC(C)(CN)COCCO,140,412.8579,80,121.880035,272.8579102,41.8800354,DeepSeek
"Generate a TSMP with Tg = 40°C and Er = 80 MPa, using functional groups epoxy(C1OC1) and imine(NC).",CCC(C)(C4CCC(OCC(O)COC3CCC(C(C)(C)C2CCC(OCC1CO1)CC2)CC3)CC4)C6CCC(OCC5CO5)CC6,CC(N)COCC(C)OCC(C)OCC(C)OCC(C)OCC(C)OCC(C)OCCOCCOCCOCCOCCOCCOCCOCCOCCOCCOCCOCCOCCOCCOCCOCCOCCOCCOCCOCCOCCOCCOCCOCCOCCOCCOCCOCCOCC(C)OCC(C)OCC(C)OCC(C)OCC(C)N,40,251.8865,80,78.0898,211.8865051,-1.910202026,DeepSeek
Propose two monomers that form a TSMP with Tg = 100°C and Er = 100 MPa.,c1ccc3c(c1)c2ccccc2C3(c5ccc(OCCOCC4CO4)cc5)c7ccc(OCCOCC6CO6)cc7,CC(N)COCC(C)OCC(C)OCC(C)OCC(C)OCC(C)OCC(C)OCC(C)OCCOCCOCCOCCOCCOCCOCCOCCOCCOCCOCCOCCOCCOCCOCCOCCOCCOCCOCCOCCOCCOCCOCCOCCOCCOCCOCCOCCOCC(C)OCC(C)OCC(C)OCC(C)OCC(C)N,100,236.14464,100,78.11963,136.1446381,-21.88037109,DeepSeek
"Generate a TSMP with Tg = 100°C and Er = 100 MPa, using functional groups acrylate(C=C(C=O)) and vinyl(C=C).",C=C(C=O)OCCOCCOCCOCCOCCOCCOCCOCCOCCOCCOCCOCCOCCOCCOCCOCCOCCOCCOCCOCCOC(=O)C(=C)C,C=C(C)C(=O)OCCOCCOCCOCCOCCOCCOCCOCCOCCOCCOCCOCCOCCOCCOCCOCCOCCOCCOCCOCCOC(=O)C(=C)C,100,219.8704,100,38.543278,119.8704071,-61.45672226,DeepSeek
"Generate a TSMP with Tg = 100°C and Er = 100 MPa, using functional groups acrylate(C=C(C=O)) and vinyl(C=C).",C=C(C=O)OCCOCCOCCOCCOCCOCCOCCOCCOCCOCCOCCOCCOCCOCCOCCOCCOCCOCCOCCOCCOC(=O)C(=C)C,C=C(C)C(=O)OCCOCCOCCOCCOCCOCCOCCOCCOCCOCCOCCOCCOCCOCCOCCOCCOCCOCCOCCOCCOC(=O)C(=C)C,100,219.8704,100,38.543278,119.8704071,-61.45672226,DeepSeek
Create a thermoset polymer with Tg around 100°C and Er near 100 MPa.,CC(C)(c2ccc(OCCOCC1CO1)cc2)c4ccc(OCCOCC3CO3)cc4,CCC(COCC(O)COCC(C)CCCCC)CC(COCC(O)COCC(C)CCCCC)CC(COCC(O)COCC(C)OCC(C)N)CC(CCOCC(O)COCC(C)OCC(C)N)CC(C)OCC(O)C,100,211.56602,100,31.90038,111.5660248,-68.09962082,DeepSeek
"Create a thermoset polymer with Tg = 60°C, Er = 100 MPa, and monomers featuring vinyl(C=C) and vinyl(C=C) groups.",C=CCOCC(CO)(COCC=C)COCC=C,C=CCOCC(CO)CCOCC(CO)CCOCC(CO)CCOCC(CO)CCOCC(CO)CCOCC(CO)CCOCC(CO)CCOCCOCC(CO)CCOCCOCC(CO)CCOCCOCC(CO)CCOCCOCC(CO)CCOCCOCC(CO)CCOCCOCC(CO)CCOCCOCC(CO)CCOCCOCC(CO)CCOCCOCC(CO)CCOCCOCC(CO)CCOCCOCC(CO)CCOCCOCC(CO)CCOCCOCC,60.0,352.94626,100.0,64.12246,292.9462585449219,-35.877540588378906,GPT4o
Design a shape memory polymer with Tg ≈ 150°C and Er ≈ 200 MPa that includes vinyl(C=C) and thiol(CCS) groups.,C=CCc1ccccc1OCC(O)COC(=O)CCCCC(=O)OCC(O)COc2ccccc2CC=C,S(=O)(=O)OCCOCCOCCOCCOCCOCCOCCOCCOCCOCCOCCOCCOCCOCCOCCOCCOCCOCCOCCOCCOCCOC(=O)S(=O)(=O)OCCOCCOCCOCCOCCOCCOCCOCCOCCOCCOCCOCCOCCOCCOCCOCCOCCOCCOCCOCCOCCOC(=O)S(=O)(=O)OCCOCCO,150.0,348.3595,200.0,86.84604,198.3594970703125,-113.15396118164062,GPT4o
Create a thermoset polymer with Tg around 140°C and Er near 80 MPa.,CC(C)(c2ccc(OCCOCC1CO1)cc2)c4ccc(OCCOCC3CO3)cc4,COCCC(CO)(COCCC)COCCC(CO)(COCCC)COCCC(CO)(COCCC)COCCC(CO)(COCCC)COCCC(CO)(COCCC)COCCC(CO)(COCCC)COCCC(CO)(COCCC)COCCC(CO)(COCCC)COCCC(CO)(COCCC)COCCC(CO)(COCCC)COCCC(CO)(COCCC)COCCC(CO)(COCCC)COCCC(CO)(COCCC)COCCC(CO)(COCCC)COCCC(CO)(COCCC)COCCC(CO)(COCCC)CO,140.0,318.82486,80.0,52.83752,178.82485961914062,-27.162479400634766,GPT4o
Create a thermoset polymer with Tg around 140°C and Er near 80 MPa.,C=CC(=O)OCCn1c(=O)n(CCOC(=O)C=C)c(=O)n(CCOC(=O)C=C)c1=O,CC(=O)OCCOCCOCCOCCOCCOCCOCCOCCOCCOCCOCCOCCOCCOCCOCCOCCOCCOCCOCC(C)OCC(C)OCC(C)OCC(C)OCC(C)OCC(C)OCC(C)OCC(C)OCC(C)OCC(C)OCC(C)OCC(C)OCC(C)OCC(C)OCC(C)OCC(C)OCC(C)OCC(C)OCC(C)OCC(C),140.0,287.75726,80.0,90.21248,147.75726318359375,10.212478637695312,GPT4o
"Propose two monomers that form a TSMP with Tg around 40°C, Er near 80 MPa, and containing epoxy(C1OC1) and imine(NC) groups.",CC(C)(C4CCC(OCC(O)COC3CCC(C(C)(C)C2CCC(OCC1CO1)CC2)CC3)CC4)C6CCC(OCC5CO5)CC6,CC(N)COCC(C)OCC(C)OCC(C)OCC(C)OCC(C)OCC(C)OCCOCCOCCOCCOCCOCCOCCOCCOCCOCCOCCOCCOCCOCCOCCOCCOCCOCCOCCOCCOCCOCCOCCOCCOCCOCCOCCOCCOCC(C)OCC(C)OCC(C)OCC(C)OCC(C),40.0,276.8839,80.0,57.352226,236.8839111328125,-22.64777374267578,GPT4o
Propose two monomers that form a TSMP with Tg = 100°C and Er = 100 MPa.,C=C(C)C(=C)OCOCCOC(=O)C(=C)C,CC(N)COCC(C)OCC(C)OCC(C)OCC(C)OCC(C)OCC(C)OCCOCCOCCOCCOCCOCCOCCOCCOCCOCCOCCOCCOCCOCCOCCOCCOCCOCCOCCOCCOCCOCCOCCOCCOCCOCCOCCOCCOCC(C)OCC(C)OCC(C)OCC(C)OCC(C)N,100.0,266.69458,100.0,55.579575,166.694580078125,-44.42042541503906,GPT4o
Generate a thermoset shape memory polymer with Tg = 150°C and Er = 200 MPa.,CC(C/C=C\CC(=O)OCC(O)COc3ccc(C(C)(C)c2ccc(OCC1CO1)cc2)cc3)C(=O)OCC(O)COc6ccc(C(C)(C)c5ccc(OCC4CO4)cc5)cc6,CC(N)COCC(C)OCC(C)OCC(C)OCC(C)OCC(C)OCC(C)OCCOCCOCCOCCOCCOCCOCCOCCOCCOCCOCCOCCOCCOCCOCCOCCOCCOCCOCCOCCOCCOCCOCCOCCOCCOCCOCCOCCOCC(C)OCC(C)OCC(C)OCC,150.0,236.96829,200.0,86.4365,86.96829223632812,-113.5634994506836,GPT4o
Suggest a polymer system for Tg ≈ 40°C and Er ≈ 80 MPa.,C=C(CCS)OCC(C)OCC(C)OCC(C)OCCOCCOCCOCCOCCOCCOCCOCCOCCOCCOCCOCCOCCOCCOCCOCCOCCOCCOCCOCCOCCOCCOCCOCCOCCOCCOCCOCCOCC(C)OCC(C)OCC(C)OCC(C)OCC(C)OCC(C)OCC(C)OCC(C)OCC(C)OCC(C)=O,O=c1n(CCS)c(=O)n(CCS)c(=O)n1CCS,40.0,220.69737,80.0,32.721992,180.69737243652344,-47.27800750732422,GPT4o
Generate a thermoset shape memory polymer with Tg = 100°C and Er = 100 MPa.,C=CC(=O)OCCn1c(=O)n(CCOC(=O)C=C)c(=O)n(CCOC(=O)C=C)c1=O,C=C(N)C(=O)OCCOCCOCCOCCOCCOCCOCCOCCOCCOC(=O)N=C,100.0,213.70982,100.0,110.91224,113.70982360839844,10.912239074707031,GPT4o
Design a TSMP with a glass transition temperature of 100°C and an elastic recovery of 100 MPa.,C=CCOCC(CO)(COCC=C)COCC=C,C=C(C)C(=O)OCCOCCOCCOCCOCCOCCOCCOCCOCCOCCOCCOCCOCCOCCOCCOCCOCCOCCOCCOCCOCCOCCOCCOCCOCCOCCOCCOCCOCCOCCOCCOCCOCCOCCOCCOCCOCCOCCOCCOCCOCCOCCOCCOCCOCCOCCOCCOCCOCCOCCOCCOCCOCCOCCOCCOCCOCCOCCOCCOCCOCCOCCOCCOCCOCC(C)OCC(C)OCC(C)OCC(C)OCC(C)OCC(C)OCC(C)OCC(C)OCC(C)OCC(C)OCC(C)OCC(C)OCC(C)N,100.0,400.08765,100.0,66.99656,300.087646484375,-33.003440856933594,Llama32
Design a TSMP with a glass transition temperature of 100°C and an elastic recovery of 100 MPa.,C=CCOCC(CO)(COCC=C)COCC=C,C=C(C)C(=O)OCCOCCOCCOCCOCCOCCOCCOCCOCCOCCOCCOCCOCCOCCOCCOCCOCCOCCOCCOCCOCCOCCOCCOCCOCCOCCOCCOCCOCCOCCOCCOCCOCCOCCOCCOCCOCCOCCOCCOCCOCCOCCOCCOCCOCCOCCOCCOCCOCCOCCOCCOCCOCCOCCOCCOCCOCCOCCOCCOCCOCCOCCOCCOCCOCC(C)OCC(C)OCC(C)OCC(C)OCC(C)OCC(C)OCC(C)OCC(C)OCC(C)OCC(C)OCC(C)OCC(C)N,100.0,396.51562,100.0,66.759094,296.515625,-33.24090576171875,Llama32
Suggest a polymer system for Tg ≈ 60°C and Er ≈ 100 MPa.,Cc3cc(c2cc(C)c(OCC1CO1)c(C)c2)cc(C)c3OCC4CO4,COCCOCCOCCOCCOCCOCCOCCOCCOCCOCCOCCOCCOCCOCCOCCOCCOCCOCCOCCOCCOCC(C)OCC(C)OCC(C)OCC(C)OCC(C)OCCOCC(C)OCC(C)OCC(C)OCC(C)OCCOCC(C)OCC(C)OCC(C)OCCOCCOCCOCCOCCOCCOCCOCCOCCOCCOCCOCCOCCOCCOCCOCCOCCOCCOCCOCCOCC(C)OCC(C)OCC(C)OCC(C)OCC(C)OCC(C)OCC(C)OCC(C)OCC(C)OCC(C)OCC(C)OCC(C)OCCOCC(C)OCC(C)OCC(C),60.0,387.30008,100.0,96.94728,327.3000793457031,-3.0527191162109375,Llama32
Design a shape memory polymer with Tg ≈ 100°C and Er ≈ 100 MPa that includes vinyl(C=C) and hydroxyl(=O) groups.,C=C(C)C(=O)OCC(O)COc2ccc(C(C)(C)c1ccc(OCC(O)COC(=O)C(=C)C)cc1)cc2,COCCOCCOCCOCCOCCOCCOCCOCCOCCOCCOCCOCCOCCOCCOCCOCCOCCOCCOCCOCCOCC(C)OCCOCC(C)OCCOCC(C)OCCOCC(C)OCCOCC(C)OCCOCC(C)OCCOCC(C)OCCOCC(C)OCCOCC(C)OCCOCC(C)OCCOCC(C)OCCOCC(C)OCCOCC(C)OCCOCC(C)OCCOCC(C)OCCOCC(C)OCCOCC(C)OCCOCC(C)OCCOCC(C)OCCOCC(C)OCCOCC(C)OCCOCC(C)OCCOCC(C)OCCOCC(C)OCCOCC(C),100.0,384.36014,100.0,83.520134,284.3601379394531,-16.47986602783203,Llama32
Design a TSMP with a glass transition temperature of 100°C and an elastic recovery of 100 MPa.,C=CCOCC(CO)(COCC=C)COCC=C,C=C(C)C(=O)OCCOCCOCCOCCOCCOCCOCCOCCOCCOCCOCCOCCOCCOCCOCCOCCOCCOCCOCCOCCOCCOCCOCCOCCOCCOCCOCCOCCOCCOCCOCCOCCOCCOCCOCCOCCOCCOCCOCCOCCOCCOCCOCCOCCOCCOCCOCCOCCOCCOCCOCCOCCOCCOCCOCCOCCOCCOCCOCCOCCOCCOCC(C)OCC(C)OCC(C)OCC(C)OCC(C)OCC(C)N,100.0,365.26376,100.0,62.51148,265.2637634277344,-37.488521575927734,Llama32
Design a TSMP with a glass transition temperature of 150°C and an elastic recovery of 200 MPa.,CC(C)(C4CCC(OCC(O)COC3CCC(C(C)(C)C2CCC(OCC1CO1)CC2)CC3)CC4)C6CCC(OCC5CO5)CC6,COCCOCCOCCOCCOCCOCCOCCOCCOCCOCCOCCOCCOCCOCCOCCOCCOCCOCCOCCOCCOCCOCCOCCOCCOCCOCCOCCOCCOCCOCCOCCOCCOCCOCCOCCOCCOCCOCCOCCOCCOCC(C)OCC(C)OCC(C)OCC(C)OCC(C)OCC(C)N,150.0,314.52066,200.0,86.956085,164.52066040039062,-113.04391479492188,Llama32
Create a thermoset polymer with Tg around 40°C and Er near 80 MPa.,C=CCOCC(COCC=C)(COCC=C)COC(=O)NCC1(C)CC(NC(=O)OCC(COCC=C)(COCC=C)COCC=C)CC(C)(C)C1,C=C(C)C(=O)OCCOCCOCCOCCOCCOCCOCCOCCOCCOCCOCCOCCOCCOCCOCCOCCOCCOCCOCCOCCOCCOCCOCCOCCOCCOCCOCCOCCOCCOCCOCCOCCOCCOCC(C)OCC(C)OCC(C)OCC(C)OCC(C)OCC(C)OCC(C)OCC(C)OCC(C)OCC(C)OCC(C)OCC(C)OCC(C)OCC(C)OCC(C)OCC(C)OCC(C)OCC(C)OCC(C)OCC(C)OCC(C)OCC(C)OCC(C)O,40.0,313.64038,80.0,21.987669,273.640380859375,-58.01233100891113,Llama32
Design a shape memory polymer with Tg ≈ 150°C and Er ≈ 200 MPa that includes vinyl(C=C) and thiol(CCS) groups.,C=C(C)C(=O)OCCOCCOCCOCCOCCOCCOCCOCCOCCOCCOCCOCCOCCOCCOCCOCCOCCOCCOCCOCCOCCOCCOCCOC(=O)C(=C)C,C=C(C)C(=O)OCCOCCOCCOCCOCCOCCOCCOCCOCCOCCOCCOCCOCCOCCOCCOCCOCCOCCOCCOCCOCCOCCOCCOCCOCCOCCOCCOCCOCCOCCOCCOCC(C)OCC(C)OCC(C)OCC(C)OCC(C)OCC(C)OCC(C)OCC(C)OCC(C)OCC(C)N,150.0,306.73868,200.0,41.61907,156.73867797851562,-158.38093185424805,Llama32
Suggest a polymer system for Tg ≈ 100°C and Er ≈ 100 MPa.,CC(C)(c2ccc(OCC1CO1)cc2)c4ccc(OCC3CO3)cc4,COCCOCCOCCOCCOCCOCCOCCOCCOCCOCCOCCOCCOCCOCCOCCOCCOCCOCCOCCOCCOCCOCCOCCOCCOCCOCCOCCOCCOCCOCCOCCOCCOCCOCCOCCOCCOCCOCCOCCOCCOCC(C)OCC(C)OCC(C)OCC(C)OCC(C)OCC(C)N,100.0,295.49957,100.0,86.69932,195.49957275390625,-13.300682067871094,Llama32
Generate a thermoset shape memory polymer with Tg = 100°C and Er = 100 MPa.,c3cc(N(CC1CO1)CC2CO2)ccc3OCC4CO4,COCCOCCOCCOCCOCCOCCOCCOCCOCCOCCOCCOCCOCCOCCOCCOCCOCCOCCOCCOCCOCCOCCOCCOCCOCCOCCOCCOCCOCCOCCOCCOCCOCCOCCOCC(C)OCC(C)OCC(C)OCC(C)OCC(C)OCC(C)OCC(C)OCC(C)OCC(C)OCC(C)N,100.0,294.40112,100.0,81.1348,194.401123046875,-18.865196228027344,Llama32
"Propose two monomers that form a TSMP with Tg around 150°C, Er near 200 MPa, and containing vinyl(C=C) and thiol(CCS) groups.",CC(C)(C4CCC(OCC(O)COC3CCC(C(C)(C)C2CCC(OCC1CO1)CC2)CC3)CC4)C6CCC(OCC5CO5)CC6,CC(N)COCC(C)OCC(C)OCC(C)OCC(C)OCC(C)OCC(C)OCC(C)OCCOCCOCCOCCOCCOCCOCCOCCOCCOCCOCCOCCOCCOCCOCCOCCOCCOCCOCCOCCOCCOCCOCCOCCOCCOCCOCCOCCOCC(C)OCC(C)OCC(C)OCC(C)OCC(C)N,150.0,292.306,200.0,70.89144,142.30599975585938,-129.10855865478516,Llama32
Propose two monomers that form a TSMP with Tg = 60°C and Er = 100 MPa.,Cc3cc(c2cc(C)c(OCC1CO1)c(C)c2)cc(C)c3OCC4CO4,COCCOCCOCCOCCOCCOCCOCCOCCOCCOCCOCCOCCOCCOCCOCCOCCOCCOCCOCCOCCOCCOCCOCCOCCOCCOCCOCCOCCOCCOCCOCCOCCOCCOCCOCC(C)OCC(C)OCC(C)OCC(C)OCC(C)OCC(C)OCC(C)OCC(C)OCC(C)OCC(C)N,60.0,289.99887,100.0,88.810196,229.99887084960938,-11.189804077148438,Llama32
Create a thermoset polymer with Tg around 60°C and Er near 100 MPa.,CC(C)(c2ccc(OCCOCCOCCOCC1CO1)cc2)c4ccc(OCCOCCOCCOCC3CO3)cc4,COCCOCCOCCOCCOCCOCCOCCOCCOCCOCCOCCOCCOCCOCCOCCOCCOCCOCCOCCOCCOCCOCCOCCOCCOCCOCCOCCOCCOCCOCCOCCOCCOCCOCCOCCOCCOCC(C)OCC(C)OCC(C)OCC(C)OCC(C)OCC(C)N,60.0,286.6204,100.0,79.58522,226.62039184570312,-20.414779663085938,Llama32
Generate a thermoset shape memory polymer with Tg = 140°C and Er = 80 MPa.,O=C(OCC1CO1)C3CC2OC2CC3C(=O)OCC4CO4,COCCOCCOCCOCCOCCOCCOCCOCCOCCOCCOCCOCCOCCOCCOCCOCCOCCOCCOCCOCCOCCOCCOCCOCCOCCOCCOCCOCCOCCOCCOCCOCCOCC(C)OCC(C)OCC(C)OCC(C)OCC(C)OCC(C)OCC(C)OCC(C)OCC(C)OCC(C)N,140.0,286.03906,80.0,74.83703,146.0390625,-5.162971496582031,Llama32
Design a TSMP with a glass transition temperature of 140°C and an elastic recovery of 80 MPa.,CC(COc3ccc(C(C)(C)c2ccc(OCC(C)OCC1CO1)cc2)cc3)OCC4CO4,COCCOCCOCCOCCOCCOCCOCCOCCOCCOCCOCCOCCOCCOCCOCCOCCOCCOCCOCCOCCOCCOCCOCCOCCOCCOCCOCCOCCOCCOCCOCCOCCOCCOCCOCCOCCOCC(C)OCC(C)OCC(C)OCC(C)OCC(C)OCC(C)N,140.0,273.23233,80.0,76.7112,133.23233032226562,-3.2888031005859375,Llama32
Suggest a polymer system for Tg ≈ 60°C and Er ≈ 100 MPa.,Cc3cc(c2cc(C)c(OCC1CO1)c(C)c2)cc(C)c3OCC4CO4,CC(N)COCC(C)OCC(C)OCC(C)OCC(C)OCC(C)OCCOCCOCCOCCOCCOCCOCCOCCOCCOCCOCCOCCOCCOCCOCCOCCOCCOCCOCCOCCOCCOCCOCCOCCOCCOCCOCCOCCOCCOCC(C)OCC(C)OCC(C)OCC(C)OCC(C)N,60.0,267.46088,100.0,74.24975,207.46087646484375,-25.75025177001953,Llama32
"Propose two monomers that form a TSMP with Tg around 40°C, Er near 80 MPa, and containing epoxy(C1OC1) and imine(NC) groups.",CC(C)(c4ccc(OCC(O)COc3ccc(C(C)(C)c2ccc(OCC1CO1)cc2)cc3)cc4)c6ccc(OCC5CO5)cc6,CC(N)COCC(C)OCC(C)OCC(C)OCC(C)OCC(C)OCCOCCOCCOCCOCCOCCOCCOCCOCCOCCOCCOCCOCCOCCOCCOCCOCCOCCOCCOCCOCCOCCOCCOCCOCCOCCOCCOCCOCC(C)OCC(C)OCC(C)OCC(C)OCC(C)N,40.0,260.83948,80.0,69.97005,220.8394775390625,-10.029953002929688,Llama32
Propose two monomers that form a TSMP with Tg = 100°C and Er = 100 MPa.,CC(C)(c2ccc(OCCOCC1CO1)cc2)c4ccc(OCCOCC3CO3)cc4,CC(N)COCC(C)OCC(C)OCC(C)OCCOCCOCCOCCOCCOCCOCCOCCOCCOCCOCCOCCOCCOCCOCCOCCOCCOCCOCCOCCOCCOCCOCCOCCOCCOCCOCCOCCOCCOCC(C)OCC(C)OCC(C)OCC(C)OCC(C)N,100.0,259.2019,100.0,67.26177,159.201904296875,-32.73822784423828,Llama32
Suggest a polymer system for Tg ≈ 60°C and Er ≈ 100 MPa.,C=Cc1ccccc1,COCCOCCOCCOCCOCCOCCOCCOCCOCCOCCOCCOCCOCCOCCOCCOCCOCCOCCOCCOCCOCCOCC(C)OCC(C)OCC(C)OCC(C)OCC(C)OCC(C)OCCOCC1CC1,60.0,252.12787,100.0,47.436523,192.12786865234375,-52.5634765625,Llama32
Design a shape memory polymer with Tg ≈ 150°C and Er ≈ 200 MPa that includes vinyl(C=C) and thiol(CCS) groups.,C=C(C)C(=O)OCCOCCOCCOCCOCCOCCOCCOCCOCCOCCOCCOCCOCCOCCOCCOCCOCCOCCOCCOCCOCCOCCOCCOCCOCCOCCOCCOCCOCCOCCOCCOCCOC(=O)C(=C)C,C=C(C)C(=O)OCCOCCOCCOCCOCCOCCOCCOCCOCCOCCOCCOCCOCCOCCOCCOCCOCCOCCOCCOCCOCCOCCOCCOCCOCCOCCOCCOCCOCCOCCOCCOCC(C)=O,150.0,251.07616,200.0,32.292755,101.07615661621094,-167.70724487304688,Llama32
Create a thermoset polymer with Tg around 40°C and Er near 80 MPa.,C=CCOCC(COCC=C)(COCC=C)COC(=O)NCC1(C)CC(NC(=O)OCC(COCC=C)(COCC=C)COCC=C)CC(C)(C)C1,CC(N)COCC(C)OCC(C)OCC(C)OCC(C)OCC(C)OCC(C)OCCOCCOCCOCCOCCOCCOCCOCCOCCOCCOCCOCCOCCOCCOCCOCCOCCOCCOCCOCCOCCOCCOCCOCCOCCOCCOCCOCCOCC(C)OCC(C)OCC(C)OCC(C)OCC(C)N,40.0,250.73135,80.0,37.66704,210.73135375976562,-42.33295822143555,Llama32
Create a thermoset polymer with Tg around 40°C and Er near 80 MPa.,C=CCOCC(COCC=C)(COCC=C)COC(=O)NCC1(C)CC(NC(=O)OCC(COCC=C)(COCC=C)COCC=C)CC(C)(C)C1,CC(N)COCC(C)OCC(C)OCC(C)OCC(C)OCC(C)OCC(C)OCCOCCOCCOCCOCCOCCOCCOCCOCCOCCOCCOCCOCCOCCOCCOCCOCCOCCOCCOCCOCCOCCOCCOCCOCCOCCOCCOCCOCC(C)OCC(C)OCC(C)OCC(C)OCC(C)N,40.0,250.73135,80.0,37.66704,210.73135375976562,-42.33295822143555,Llama32
Create a thermoset polymer with Tg around 40°C and Er near 80 MPa.,C=CCOCC(COCC=C)(COCC=C)COC(=O)NCC1(C)CC(NC(=O)OCC(COCC=C)(COCC=C)COCC=C)CC(C)(C)C1,CC(N)COCC(C)OCC(C)OCC(C)OCC(C)OCC(C)OCC(C)OCCOCCOCCOCCOCCOCCOCCOCCOCCOCCOCCOCCOCCOCCOCCOCCOCCOCCOCCOCCOCCOCCOCCOCCOCCOCCOCCOCCOCC(C)OCC(C)OCC(C)OCC(C)OCC(C)N,40.0,250.73135,80.0,37.66704,210.73135375976562,-42.33295822143555,Llama32
Create a thermoset polymer with Tg around 40°C and Er near 80 MPa.,C=CCOCC(COCC=C)(COCC=C)COC(=O)NCC1(C)CC(NC(=O)OCC(COCC=C)(COCC=C)COCC=C)CC(C)(C)C1,CC(N)COCC(C)OCC(C)OCC(C)OCC(C)OCC(C)OCC(C)OCCOCCOCCOCCOCCOCCOCCOCCOCCOCCOCCOCCOCCOCCOCCOCCOCCOCCOCCOCCOCCOCCOCCOCCOCCOCCOCCOCCOCC(C)OCC(C)OCC(C)OCC(C)OCC(C)N,40.0,250.73135,80.0,37.66704,210.73135375976562,-42.33295822143555,Llama32
Create a thermoset polymer with Tg around 40°C and Er near 80 MPa.,C=CCOCC(COCC=C)(COCC=C)COC(=O)NCC1(C)CC(NC(=O)OCC(COCC=C)(COCC=C)COCC=C)CC(C)(C)C1,CC(N)COCC(C)OCC(C)OCC(C)OCC(C)OCC(C)OCC(C)OCCOCCOCCOCCOCCOCCOCCOCCOCCOCCOCCOCCOCCOCCOCCOCCOCCOCCOCCOCCOCCOCCOCCOCCOCCOCCOCCOCCOCC(C)OCC(C)OCC(C)OCC(C)OCC(C)N,40.0,250.73135,80.0,37.66704,210.73135375976562,-42.33295822143555,Llama32
Create a thermoset polymer with Tg around 40°C and Er near 80 MPa.,C=CCOCC(COCC=C)(COCC=C)COC(=O)NCC1(C)CC(NC(=O)OCC(COCC=C)(COCC=C)COCC=C)CC(C)(C)C1,CC(N)COCC(C)OCC(C)OCC(C)OCC(C)OCC(C)OCC(C)OCCOCCOCCOCCOCCOCCOCCOCCOCCOCCOCCOCCOCCOCCOCCOCCOCCOCCOCCOCCOCCOCCOCCOCCOCCOCCOCCOCCOCC(C)OCC(C)OCC(C)OCC(C)OCC(C)N,40.0,250.73135,80.0,37.66704,210.73135375976562,-42.33295822143555,Llama32
Create a thermoset polymer with Tg around 40°C and Er near 80 MPa.,C=CCOCC(COCC=C)(COCC=C)COC(=O)NCC1(C)CC(NC(=O)OCC(COCC=C)(COCC=C)COCC=C)CC(C)(C)C1,CC(N)COCC(C)OCC(C)OCC(C)OCC(C)OCC(C)OCC(C)OCCOCCOCCOCCOCCOCCOCCOCCOCCOCCOCCOCCOCCOCCOCCOCCOCCOCCOCCOCCOCCOCCOCCOCCOCCOCCOCCOCCOCC(C)OCC(C)OCC(C)OCC(C)OCC(C)N,40.0,250.73135,80.0,37.66704,210.73135375976562,-42.33295822143555,Llama32
Create a thermoset polymer with Tg around 40°C and Er near 80 MPa.,C=CCOCC(COCC=C)(COCC=C)COC(=O)NCC1(C)CC(NC(=O)OCC(COCC=C)(COCC=C)COCC=C)CC(C)(C)C1,CC(N)COCC(C)OCC(C)OCC(C)OCC(C)OCC(C)OCC(C)OCCOCCOCCOCCOCCOCCOCCOCCOCCOCCOCCOCCOCCOCCOCCOCCOCCOCCOCCOCCOCCOCCOCCOCCOCCOCCOCCOCCOCC(C)OCC(C)OCC(C)OCC(C)OCC(C)N,40.0,250.73135,80.0,37.66704,210.73135375976562,-42.33295822143555,Llama32
Create a thermoset polymer with Tg around 40°C and Er near 80 MPa.,C=CCOCC(COCC=C)(COCC=C)COC(=O)NCC1(C)CC(NC(=O)OCC(COCC=C)(COCC=C)COCC=C)CC(C)(C)C1,CC(N)COCC(C)OCC(C)OCC(C)OCC(C)OCC(C)OCC(C)OCCOCCOCCOCCOCCOCCOCCOCCOCCOCCOCCOCCOCCOCCOCCOCCOCCOCCOCCOCCOCCOCCOCCOCCOCCOCCOCCOCCOCC(C)OCC(C)OCC(C)OCC(C)OCC(C)N,40.0,250.73135,80.0,37.66704,210.73135375976562,-42.33295822143555,Llama32
Create a thermoset polymer with Tg around 40°C and Er near 80 MPa.,C=CCOCC(COCC=C)(COCC=C)COC(=O)NCC1(C)CC(NC(=O)OCC(COCC=C)(COCC=C)COCC=C)CC(C)(C)C1,CC(N)COCC(C)OCC(C)OCC(C)OCC(C)OCC(C)OCC(C)OCCOCCOCCOCCOCCOCCOCCOCCOCCOCCOCCOCCOCCOCCOCCOCCOCCOCCOCCOCCOCCOCCOCCOCCOCCOCCOCCOCCOCC(C)OCC(C)OCC(C)OCC(C)OCC(C)N,40.0,250.73135,80.0,37.66704,210.73135375976562,-42.33295822143555,Llama32
Create a thermoset polymer with Tg around 40°C and Er near 80 MPa.,C=CCOCC(COCC=C)(COCC=C)COC(=O)NCC1(C)CC(NC(=O)OCC(COCC=C)(COCC=C)COCC=C)CC(C)(C)C1,CC(N)COCC(C)OCC(C)OCC(C)OCC(C)OCC(C)OCC(C)OCCOCCOCCOCCOCCOCCOCCOCCOCCOCCOCCOCCOCCOCCOCCOCCOCCOCCOCCOCCOCCOCCOCCOCCOCCOCCOCCOCCOCC(C)OCC(C)OCC(C)OCC(C)OCC(C)N,40.0,250.73135,80.0,37.66704,210.73135375976562,-42.33295822143555,Llama32
Create a thermoset polymer with Tg around 40°C and Er near 80 MPa.,C=CCOCC(COCC=C)(COCC=C)COC(=O)NCC1(C)CC(NC(=O)OCC(COCC=C)(COCC=C)COCC=C)CC(C)(C)C1,CC(N)COCC(C)OCC(C)OCC(C)OCC(C)OCC(C)OCC(C)OCCOCCOCCOCCOCCOCCOCCOCCOCCOCCOCCOCCOCCOCCOCCOCCOCCOCCOCCOCCOCCOCCOCCOCCOCCOCCOCCOCCOCC(C)OCC(C)OCC(C)OCC(C)OCC(C)N,40.0,250.73135,80.0,37.66704,210.73135375976562,-42.33295822143555,Llama32
Create a thermoset polymer with Tg around 40°C and Er near 80 MPa.,C=CCOCC(COCC=C)(COCC=C)COC(=O)NCC1(C)CC(NC(=O)OCC(COCC=C)(COCC=C)COCC=C)CC(C)(C)C1,CC(N)COCC(C)OCC(C)OCC(C)OCC(C)OCC(C)OCC(C)OCCOCCOCCOCCOCCOCCOCCOCCOCCOCCOCCOCCOCCOCCOCCOCCOCCOCCOCCOCCOCCOCCOCCOCCOCCOCCOCCOCCOCC(C)OCC(C)OCC(C)OCC(C)OCC(C)N,40.0,250.73135,80.0,37.66704,210.73135375976562,-42.33295822143555,Llama32
Create a thermoset polymer with Tg around 40°C and Er near 80 MPa.,C=CCOCC(COCC=C)(COCC=C)COC(=O)NCC1(C)CC(NC(=O)OCC(COCC=C)(COCC=C)COCC=C)CC(C)(C)C1,CC(N)COCC(C)OCC(C)OCC(C)OCC(C)OCC(C)OCC(C)OCCOCCOCCOCCOCCOCCOCCOCCOCCOCCOCCOCCOCCOCCOCCOCCOCCOCCOCCOCCOCCOCCOCCOCCOCCOCCOCCOCCOCC(C)OCC(C)OCC(C)OCC(C)OCC(C)N,40.0,250.73135,80.0,37.66704,210.73135375976562,-42.33295822143555,Llama32
Create a thermoset polymer with Tg around 40°C and Er near 80 MPa.,C=CCOCC(COCC=C)(COCC=C)COC(=O)NCC1(C)CC(NC(=O)OCC(COCC=C)(COCC=C)COCC=C)CC(C)(C)C1,CC(N)COCC(C)OCC(C)OCC(C)OCC(C)OCC(C)OCC(C)OCCOCCOCCOCCOCCOCCOCCOCCOCCOCCOCCOCCOCCOCCOCCOCCOCCOCCOCCOCCOCCOCCOCCOCCOCCOCCOCCOCCOCC(C)OCC(C)OCC(C)OCC(C)OCC(C)N,40.0,250.73135,80.0,37.66704,210.73135375976562,-42.33295822143555,Llama32
Create a thermoset polymer with Tg around 40°C and Er near 80 MPa.,C=CCOCC(COCC=C)(COCC=C)COC(=O)NCC1(C)CC(NC(=O)OCC(COCC=C)(COCC=C)COCC=C)CC(C)(C)C1,CC(N)COCC(C)OCC(C)OCC(C)OCC(C)OCC(C)OCC(C)OCCOCCOCCOCCOCCOCCOCCOCCOCCOCCOCCOCCOCCOCCOCCOCCOCCOCCOCCOCCOCCOCCOCCOCCOCCOCCOCCOCCOCC(C)OCC(C)OCC(C)OCC(C)OCC(C)N,40.0,250.73135,80.0,37.66704,210.73135375976562,-42.33295822143555,Llama32
Create a thermoset polymer with Tg around 40°C and Er near 80 MPa.,C=CCOCC(COCC=C)(COCC=C)COC(=O)NCC1(C)CC(NC(=O)OCC(COCC=C)(COCC=C)COCC=C)CC(C)(C)C1,CC(N)COCC(C)OCC(C)OCC(C)OCC(C)OCC(C)OCC(C)OCCOCCOCCOCCOCCOCCOCCOCCOCCOCCOCCOCCOCCOCCOCCOCCOCCOCCOCCOCCOCCOCCOCCOCCOCCOCCOCCOCCOCC(C)OCC(C)OCC(C)OCC(C)OCC(C)N,40.0,250.73135,80.0,37.66704,210.73135375976562,-42.33295822143555,Llama32
Create a thermoset polymer with Tg around 40°C and Er near 80 MPa.,C=CCOCC(COCC=C)(COCC=C)COC(=O)NCC1(C)CC(NC(=O)OCC(COCC=C)(COCC=C)COCC=C)CC(C)(C)C1,CC(N)COCC(C)OCC(C)OCC(C)OCC(C)OCC(C)OCC(C)OCCOCCOCCOCCOCCOCCOCCOCCOCCOCCOCCOCCOCCOCCOCCOCCOCCOCCOCCOCCOCCOCCOCCOCCOCCOCCOCCOCCOCC(C)OCC(C)OCC(C)OCC(C)OCC(C)N,40.0,250.73135,80.0,37.66704,210.73135375976562,-42.33295822143555,Llama32
Propose two monomers that form a TSMP with Tg = 60°C and Er = 100 MPa.,C=C(C)C(=O)OCCOCCOCCOCCOCCOCCOCCOCCOCCOCCOCCOCCOCCOCCOCCOCCOCCOC(=O)C(=C)C,C=C(C)C(=O)OCCOCCOCCOCCOCCOCCOCCOCCOCCOCCOCCOCCOCCOCCOCCOCCOCCOCCOCCOCCOCCOCCOC(=O)C(=C)C,60.0,229.66357,100.0,29.41784,169.66357421875,-70.58216094970703,Llama32
Propose two monomers that form a TSMP with Tg = 150°C and Er = 200 MPa.,C=C(C)C(=O)OCCOCCOCCOCCOCCOCCOCCOCCOCCOCCOCCOCCOCCOCCOCCOCCOCCOC(=O)C(=C)C,C=C(C)C(=O)OCCOCCOCCOCCOCCOCCOCCOCCOCCOCCOCCOCCOCCOCCOCCOCCOCCOCCOCCOCCOCCOC(=O)C(=C)C,150.0,225.45523,200.0,29.26727,75.45523071289062,-170.73273086547852,Llama32
Suggest a polymer system for Tg ≈ 40°C and Er ≈ 80 MPa.,C=CCn1c(=O)n(CC=C)c(=O)n(CC=C)c1=O,C=C(C)C(=O)OCCOCCOCCOCCOCCOCCOCCOCCOCCOCCOCCOCCOCCOCCOCCOCCOCCOCCOCCOCCOCCOCCOC(=O)C(=C)C,40.0,221.43037,80.0,27.009327,181.4303741455078,-52.99067306518555,Llama32
"Suggest a TSMP system that satisfies Tg = 60°C and Er = 100 MPa, incorporating vinyl(C=C) and vinyl(C=C) functionalities.",C=C(C)C(=O)OCCOCCOCCOCCOCCOCCOCCOCCOCCOCCOCCOCCOCCOCCOCCOCCOCCOCCOCCOCCOC(=O)C(C)=O,C=C(C)C(=O)OCCOCCOCCOCCOCCOCCOCCOCCOCCOCCOCCOCCOCCOCCOCCOCCOCCOCCOCCOCCOC(=O)C(=C)C,60.0,216.18132,100.0,29.970175,156.1813201904297,-70.02982521057129,Llama32
Suggest a polymer system for Tg ≈ 150°C and Er ≈ 200 MPa.,C=C(C)C(=C)OCOCCOC(=O)C(=C)C,C=C(C)C(=O)OCCOCCOCCOCCOCCOCCOCCOCCOCCOCCOCCOCCOCCOCCOCCOCCOCCOCCOCCOCCOCCOCCOC(=O)C(=C)C,150.0,215.10205,200.0,26.673447,65.10205078125,-173.32655334472656,Llama32
Create a thermoset polymer with Tg around 60°C and Er near 100 MPa.,C=Cc1ccccc1,C=C(C)C(=O)OCCOCCOCCOCCOCCOCCOCCOCCOCCOCCOCCOCCOCCOCCOCCOCCOCCOCCOCCOCCOCCOC(=O)C(=C)C,60.0,210.61855,100.0,24.771942,150.61854553222656,-75.22805786132812,Llama32
Create a thermoset polymer with Tg around 60°C and Er near 100 MPa.,C=CCOC(CC)(CO)CO,C=C(C)C(=O)OCCOCCOCCOCCOCCOCCOCCOCCOCCOCCOCCOCCOCCOCCOCCOCCOCCOCCOCCOCCOCCOC(=O)C(=C)C,60.0,203.4513,100.0,18.661375,143.4512939453125,-81.33862495422363,Llama32
Generate a thermoset shape memory polymer with Tg = 100°C and Er = 100 MPa.,C=CCOC(CC)(CO)CO,C=C(C)C(=O)OCCOCCOCCOCCOCCOCCOCCOCCOCCOCCOCCOCCOCCOCCOCCOCCOCCOCCOCCOCCOCCOC(=O)C(=C)C,100.0,203.4513,100.0,18.661375,103.4512939453125,-81.33862495422363,Llama32
Design a TSMP with a glass transition temperature of 100°C and an elastic recovery of 100 MPa.,C=CCOCC(CO)(COCC=C)COCC=C,C=C(C)C(=O)OCCOCCOCCOCCOCCOCCOCCOCCOCCOCCOCCOCCOCCOCCOCCOCCOCCOCCOCCOCCOCCOCCOC(=O)C(=C)C,100.0,202.65456,100.0,19.43092,102.65455627441406,-80.5690803527832,Llama32
Generate a thermoset shape memory polymer with Tg = 100°C and Er = 100 MPa.,C=C(C)C(=O)OCCCC,C=C(C)C(=O)OCCOCCOCCOCCOCCOCCOCCOCCOCCOCCOCCOCCOCCOCCOCCOCCOCCOCCOCCOC(=O)C(=C)C,100.0,200.12015,100.0,20.891706,100.12014770507812,-79.1082935333252,Llama32
"Generate a TSMP with Tg = 150°C and Er = 200 MPa, using functional groups vinyl(C=C) and thiol(CCS).",c3cc(N(CC1CO1)CC2CO2)ccc3Cc6ccc(N(CC4CO4)CC5CO5)cc6,OCCOCCOCCOCCOCCOCCOCCOCCOCCOCCOCCOCCOCCOCCOCCOCCOCCOCCOCCOCCOCCOCCOCCOCCOCCOCCOCCOCCOCCOCCOCCOCCOCCOCC(C)OCC(C)OCC(C)OCC(C)OCC(C)OCC(C)N,150.0,285.09222,200.0,86.76823,135.09222412109375,-113.23177337646484,MistralAI
Propose two monomers that form a TSMP with Tg = 140°C and Er = 80 MPa.,C=Cc1cccc(C=C)c1,CC(N)COCC(C)OCC(C)OCC(C)OCC(C)OCC(C)OCC(C)OCCOCCOCCOCCOCCOCCOCCOCCOCCOCCOCCOCCOCCOCCOCCOCCOCCOCCOCCOCCOCCOCCOCCOCCOCCOCCOCCOCCOCC(C)OCC(C)OCC(C)OCC(C)OCC(C)N,140.0,258.16397,80.0,51.0423,118.16397094726562,-28.957698822021484,MistralAI
Create a thermoset polymer with Tg around 150°C and Er near 200 MPa.,CC(N)COCC(C)COCC(C)COCC(C)COCC(C)COCC(C)COCC(C)N,COCCOCCOCCOCCOCCOCCOCCOCCOCCOCCOCCOCCOCCOCCOCCOCCOCCOCCOCCOCCOCCOCCOCCOCCOCCOCCOCCOCCOCCOCCOCCOCCOCCOCC(C)OCC(C)OCC(C)OCC(C)OCC(C)N,150.0,214.43855,200.0,40.439007,64.43855285644531,-159.56099319458008,MistralAI
Design a shape memory polymer with Tg ≈ 100°C and Er ≈ 100 MPa that includes vinyl(C=C) and hydroxyl(=O) groups.,c3cc(N(CC1CC1)CC2CO2)ccc3OCC4CO4,C=CC(=O)OCCn1c(=O)n(CCOC(=O)C=C)c(=O)n(CCOC(=O)C=C)c1=O,100.0,213.55295,100.0,230.82175,113.55294799804688,130.82174682617188,MistralAI
"Propose two monomers that form a TSMP with Tg around 60°C, Er near 100 MPa, and containing vinyl(C=C) and vinyl(C=C) groups.",O=c1ccc(=O)n1c4ccc(Cc3ccc(n2c(=O)ccc2=O)cc3)cc4,O=c1n(CCN)c(=O)n(CCN)c(=O)n1CCN,60.0,203.83829,100.0,51.15638,143.83828735351562,-48.84362030029297,MistralAI
Propose two monomers that form a TSMP with Tg = 100°C and Er = 100 MPa.,c3cc(N(CC1CO1)CC2CO2)ccc3Cc6ccc(N(CC4CO4)CC5CO5)cc6,CPCCCN(CCCN(CCCN(CCCN)CCCN)CCNN)CCNN(CCN(CCCCCC)CCN)(CCN(CCCCCC)CCN),100.0,201.69824,100.0,19.326546,101.6982421875,-80.67345428466797,MistralAI
