SL,SMILE1,SMILE2,Temperature,Prompt,Reactive_groups,Source_File
1,CCCCCCCCC1OC1CCC(=O)OCC(COC(=O)CCCCCCCC2OC2CC3OC3CC4OC4CC)OC(=O)CC5OC5CC6OC6CC7OC7CC8OC8CC9OC9CC(=O)OCC(C)OCC(C)OCC(C)OCC(C)OCC(C)OCC(C)OCC(C)OCC(C)OCC(C)OCC(C)OCC(C)OCC(C)OCC(C)OCC(C)OCC(C)OCC(C)OCC(C)OCC(C)OCC(C)OCC(C)OCC(C)N,CCC(COCC(C)COCC(C)N)(COCC(C)OCC(C)N)COCC(C)OCC(C)N,1.6,Generate a thermoset shape memory polymer with Tg = 40°C and Er = 80 MPa.,"['C1OC1', 'NC']",properties_generated_responses.json
2,C1CCCCC1OCC(COC(=O)CCS)(COC(=O)CCS)COC(=O)CCS,C=Cc1cccc(C=C)c1,1.6,Generate a thermoset shape memory polymer with Tg = 40°C and Er = 80 MPa.,"['CCS', 'C=C']",properties_generated_responses.json
3,CC(C)(C4CCC(OCC(O)COC3CCC(C(C)(C)C2CCC(OCC1CO1)CC2)CC3)CC4)C6CCC(OCC5CO5)CC6,c1cc(c2nccc(=O)n2c1)SC(=O)N3CCSCC3,1.6,Create a thermoset polymer with Tg around 100°C and Er near 100 MPa.,"['C1OC1', 'NC']",properties_generated_responses.json
4,C=C(C)C(=C)OCOCCOC(=O)C(=C)C,C=CCn1c(=O)n(CCOC(=O)CCS)c(=O)n(CCOC(=O)CCS)c1=O,2.0,Design a TSMP with a glass transition temperature of 40°C and an elastic recovery of 80 MPa.,"['C=C', 'CCS']",properties_generated_responses.json
5,C=CCc1ccccc1OCC(O)COC(=O)OCC(O)COc2ccccc2CC=C,O=c1ccc(=O)n1c4ccc(Cc3ccc(n2c(=O)ccc2=O)cc3)cc4,2.0,Suggest a polymer system for Tg ≈ 100°C and Er ≈ 100 MPa.,"['C=C', 'C=C(C=O)']",properties_generated_responses.json
6,CCCCCCCCC1OC1CCCCCCCC(=O)OCC(COC(=O)CCCCCCCC2OC2CC3OC3CC4OC4CC)OC(=O)CCCCCCCC5OC5CC6OC6CC7OC7CC,NCCNCCN(CCNCCC(CN)CCN)CCN(CCNCCC(CN)CCN)CCN,2.0,Suggest a polymer system for Tg ≈ 100°C and Er ≈ 100 MPa.,"['C1OC1', 'NC']",properties_generated_responses.json
7,c2cc(OCC1CO1)ccc2Cc4ccc(OCC3CO3)cc4,NCCNCCN(CCNCCC(CN)CCN)CCN(CCNCCC(CN)CCN)CCN(CCN)CCN,2.0,Suggest a polymer system for Tg ≈ 100°C and Er ≈ 100 MPa.,"['C1OC1', 'NC']",properties_generated_responses.json
8,C=C(C)C(=O)OCC(O)COc2ccc(C(C)(C)c1ccc(OCC(O)COC(=O)C(=C)C)cc1)cc2,CC1=C([C@H](C(=C(O1)N)C(=O)OC)c2cccc(c2)[N+](=O)[O-])C(=O)C,2.0,Propose two monomers that form a TSMP with Tg = 140°C and Er = 80 MPa.,"['C=C', 'C=C(C=O)']",properties_generated_responses.json
9,CC(C)(C4CCC(OCC1CO1)CC(C)(C)C2CCC(OCC3CO3)CC2)C(C)(C)C4,CC(N)COCC(C)COCC(C)COCC(C)COCC(C)COCC(C)COCC(C)N,2.0,Suggest a polymer system for Tg ≈ 60°C and Er ≈ 100 MPa.,"['C1OC1', 'NC']",properties_generated_responses.json
10,C=CC(c3ccc(OCC1CO1)cc3)C(=O)OCC4CO4,CC(N)COCC(C)OOCC(C)OCC(C)OCC(C)OCC(C)OCC(C)N,2.0,Suggest a polymer system for Tg ≈ 60°C and Er ≈ 100 MPa.,"['C1OC1', 'NC']",properties_generated_responses.json
11,Cc3cc(c2cc(C)c(OCC1CO1)c(C)c2)cc(C)c3OCC4CO4,CCc1cc(C)c(N)c(CC)(CN)C1,2.0,Create a thermoset polymer with Tg around 100°C and Er near 100 MPa.,"['C1OC1', 'NC']",properties_generated_responses.json
12,CC(=O)O[C@@H]1CC[C@@H]2[C@@]1(C=CC3=C4CCC(=O)C=C4CC[C@@H]23)C,C=C(C)C(=O)OCCOCCOCCOCCOCCOCCOCCOCCOCCOCCOCCOCCOC(=O)C(=C)C,1.6,Design a thermoset shape memory polymer using monomers that include vinyl(C=C) and hydroxyl(=O) functionalities.,"['C=C', 'C=C(C=O)']",group_generated_responses.json
13,c2cc(OCC1CO1)ccc2Cc4ccc(OCC3CO3)cc4,CCNCCN,2.0,Suggest a TSMP system with one monomer having epoxy(C1OC1) groups and the other featuring imine(NC) groups.,"['C1OC1', 'NC']",group_generated_responses.json
14,CC(C/OCC(O)COc2ccc(OCC1CO1)cc2)OCC3CO3,CC1(C)[N+](=O)C(=C(C)C)C(=O)N[C@@H]1CCN,2.0,Suggest a TSMP system with one monomer having epoxy(C1OC1) groups and the other featuring imine(NC) groups.,"['C1OC1', 'NC']",group_generated_responses.json
15,c1ccc2c(c1)C(=C(C(=O)C2=O)CC=C(Cl)Cl)[O-],C=C(C)C(=O)OCCOCCOCCOC(=O)C(=C)C,2.0,"Provide a pair of monomers suitable for TSMPs, one rich in vinyl(C=C) and the other in hydroxyl(=O) groups.","['C=C', 'C=C(C=O)']",group_generated_responses.json
16,C=C(C=O)OC(=O)C=C,C=C(C)C(=O)OCCOCCOCCOCCOCCOCCOCCOCCOCCOCCOCCOCCOC(=O)C(=C)C,0.5,"Suggest a TSMP system that satisfies Tg = 100°C and Er = 100 MPa, incorporating acrylate(C=C(C=O)) and vinyl(C=C) functionalities.","['C=C', 'C=C(C=O)']",mix_generated_responses.json
17,C=C(C=O)OC(=O)C=C,C=C(C)C(=O)OCCOCCOCCOCCOCCOCCOCCOCCOCCOCCOCCOCCOC(=O)C(=C)C,0.5,"Suggest a TSMP system that satisfies Tg = 100°C and Er = 100 MPa, incorporating acrylate(C=C(C=O)) and vinyl(C=C) functionalities.","['C=C', 'C=C(C=O)']",mix_generated_responses.json
18,C=C(C=O)OC(=O)C=C,C=C(C)C(=O)OCCOCCOCCOCCOCCOCCOCCOCCOCCOCCOCCOCCOC(=O)C(=C)C,0.5,"Suggest a TSMP system that satisfies Tg = 100°C and Er = 100 MPa, incorporating acrylate(C=C(C=O)) and vinyl(C=C) functionalities.","['C=C', 'C=C(C=O)']",mix_generated_responses.json
19,C=C(C=O)OC(=O)C=C,C=C(C)C(=O)OCCOCCOCCOCCOCCOCCOCCOCCOCCOCCOCCOCCOC(=O)C(=C)C,0.5,"Suggest a TSMP system that satisfies Tg = 100°C and Er = 100 MPa, incorporating acrylate(C=C(C=O)) and vinyl(C=C) functionalities.","['C=C', 'C=C(C=O)']",mix_generated_responses.json
20,C=C(C=O)OC(=O)C=C,C=Cc1cccc(C=C)c1,0.5,"Suggest a TSMP system that satisfies Tg = 100°C and Er = 100 MPa, incorporating acrylate(C=C(C=O)) and vinyl(C=C) functionalities.","['C=C(C=O)', 'C=C']",mix_generated_responses.json
21,C=C(C=O)OC(=O)C=C,C=C(C)C(=O)OCCOCCOCCOCCOCCOCCOCCOCCOCCOCCOCCOCCOC(=O)C(=C)C,0.5,"Suggest a TSMP system that satisfies Tg = 100°C and Er = 100 MPa, incorporating acrylate(C=C(C=O)) and vinyl(C=C) functionalities.","['C=C', 'C=C(C=O)']",mix_generated_responses.json
22,C=C(C=O)OC(=O)C=C,C=C(C)C(=O)OCCOCCOCCOCCOCCOCCOCCOCCOCCOCCOCCOCCOCCOCCOCCOCCOCCOC(=O)C(=C)C,0.5,"Suggest a TSMP system that satisfies Tg = 100°C and Er = 100 MPa, incorporating acrylate(C=C(C=O)) and vinyl(C=C) functionalities.","['C=C', 'C=C(C=O)']",mix_generated_responses.json
23,C=C(C=O)OC(=O)C=C,C=C(C)C(=O)OCCOCCOCCOCCOCCOCCOCCOCCOCCOCCOCCOCCOCCOCCOCCOCCOCCOC(=O)C(=C)C,0.5,"Suggest a TSMP system that satisfies Tg = 100°C and Er = 100 MPa, incorporating acrylate(C=C(C=O)) and vinyl(C=C) functionalities.","['C=C', 'C=C(C=O)']",mix_generated_responses.json
24,C=C(C=O)OC(=O)C=C,C=C(C)C(=O)OCCOCCOCCOCCOCCOCCOCCOCCOCCOCCOCCOCCOC(=O)C(=C)C,0.5,"Suggest a TSMP system that satisfies Tg = 100°C and Er = 100 MPa, incorporating acrylate(C=C(C=O)) and vinyl(C=C) functionalities.","['C=C', 'C=C(C=O)']",mix_generated_responses.json
25,C=C(C=O)OC(=O)C=C,C=C(C)C(=O)OCCOCCOCCOCCOCCOCCOCCOCCOCCOC(=O)C(=C)C,0.5,"Suggest a TSMP system that satisfies Tg = 100°C and Er = 100 MPa, incorporating acrylate(C=C(C=O)) and vinyl(C=C) functionalities.","['C=C', 'C=C(C=O)']",mix_generated_responses.json
26,C=C(C=O)OC(=O)C=C,C=C(C)C(=O)OCCOCCOCCOCCOCCOCCOCCOCCOCCOCCOCCOCCOC(=O)C(=C)C,0.5,"Suggest a TSMP system that satisfies Tg = 100°C and Er = 100 MPa, incorporating acrylate(C=C(C=O)) and vinyl(C=C) functionalities.","['C=C', 'C=C(C=O)']",mix_generated_responses.json
27,C=C(C=O)OC(=O)C=C,C=C(C)C(=O)OCCOCCOCCOCCOCCOCCOCCOCCOCCOCCOCCOCCOC(=O)C(=C)C,0.5,"Suggest a TSMP system that satisfies Tg = 100°C and Er = 100 MPa, incorporating acrylate(C=C(C=O)) and vinyl(C=C) functionalities.","['C=C', 'C=C(C=O)']",mix_generated_responses.json
28,C=C(C=O)OC(=O)C(=C)C,C=C(C)C(=O)OCCOCCOCCOCCOCCOCCOCCOCCOCCOC(=O)C(=C)C,0.5,"Suggest a TSMP system that satisfies Tg = 100°C and Er = 100 MPa, incorporating acrylate(C=C(C=O)) and vinyl(C=C) functionalities.","['C=C', 'C=C(C=O)']",mix_generated_responses.json
29,C=C(C=O)OC(=O)C=C,C=C(C)C(=O)OCCOCCOCCOCCOCCOCCOCCOCCOCCOCCOCCOCCOC(=O)C(=C)C,0.5,"Suggest a TSMP system that satisfies Tg = 100°C and Er = 100 MPa, incorporating acrylate(C=C(C=O)) and vinyl(C=C) functionalities.","['C=C', 'C=C(C=O)']",mix_generated_responses.json
30,C=C(CCS)OCC(COC(=O)CCS)(COC(=O)CCS)COC(=O)CCSC(=O)NCC1(C)CC(NC(=O)SCCC(=O)OCC(COC(=O)CCS)(COC(=O)CCS)COC(=O)CCS)CC(C)(C)C1,C=CCOCC(COCC=C)(COCC=C)COC(=O)NCC1(C)CC(NC(=O)SCCC(=O)OCC(COC(=O)CCS)(COC(=O)CCS)COC(=O)CCS)CC(C)(C)C1,0.8,"Propose two monomers that form a TSMP with Tg around 140°C, Er near 80 MPa, and containing thiol(CCS) and vinyl(C=C) groups.","['CCS', 'C=C']",mix_generated_responses.json
31,C=C=Cn1cc(c(=O)c2c1cc(c(c2)F)Cl)C(=O)[O-],C=C(C)C(=O)OCCOCCOCCOCCOCCOCCOCCOCCOCCOC(=O)C(=C)C,0.8,Design a shape memory polymer with Tg ≈ 60°C and Er ≈ 100 MPa that includes vinyl(C=C) and vinyl(C=C) groups.,"['C=C', 'C=C(C=O)']",mix_generated_responses.json
32,c3cc(N(CC1CO1)CC2CO2)ccc3OCC4CO4,c1c(c(nc(=O)n1CCN2[C@H](SCC2=O)CO)N)F,1.0,"Propose two monomers that form a TSMP with Tg around 150°C, Er near 200 MPa, and containing vinyl(C=C) and thiol(CCS) groups.","['C1OC1', 'NC']",mix_generated_responses.json
33,C=C(CCS)OCC(COC(=O)CCS)(COC(=O)CCS)COC(=O)CCSC(=O)NCC1(C)CC(NC(=O)SCCC(=O)OCC(COC(=O)CCS)(COC(=O)CCS)COC(=O)CCS)CC(C)(C)C1,C=CCOCC(COCC=C)(COCC=C)COC(=O)NCC1(C)CC(NC(=O)SCCC(=O)OCC(COC(=O)CCS)(COC(=O)CCS)COC(=O)CCS)CC(C)(C)C1,1.0,"Create a thermoset polymer with Tg = 140°C, Er = 80 MPa, and monomers featuring thiol(CCS) and vinyl(C=C) groups.","['CCS', 'C=C']",mix_generated_responses.json
34,C=C(C=O)OC(=O)C=C,C=Cc1cccc(C=C)c1,1.0,"Suggest a TSMP system that satisfies Tg = 100°C and Er = 100 MPa, incorporating acrylate(C=C(C=O)) and vinyl(C=C) functionalities.","['C=C(C=O)', 'C=C']",mix_generated_responses.json
35,C=C=C(C)C(=O)OCC(O)COc2ccc(C(C)(C)c1ccc(OCC(O)COC(=O)C(=C)C)cc1)cc2,C=C(CCS)OCCn1c(=O)n(CCOC(=O)CCS)c(=O)n(CCOC(=O)CCS)c1=O,1.3,"Generate a TSMP with Tg = 100°C and Er = 100 MPa, using functional groups vinyl(C=C) and hydroxyl(=O).","['C=C', 'CCS']",mix_generated_responses.json
36,c3cc(N(CC1CO1)CC2CO2)ccc3OCC4CO4,C[C@@H]1CCC[C@@H](N1C(=O)CCSC(=O)C)C(=O)[O-],1.3,Design a shape memory polymer with Tg ≈ 150°C and Er ≈ 200 MPa that includes vinyl(C=C) and thiol(CCS) groups.,"['C1OC1', 'NC']",mix_generated_responses.json
37,C=C(CCS)OCC(COC(=O)CCS)(COC(=O)CCS)COC(=O)CCSC(=O)NCC1(C)CC(NC(=O)SCCC(=O)OCC(COC(=O)CCS)(COC(=O)CCS)COC(=O)CCS)CC(C)(C)C1,C=CCOCC(COCC=C)(COCC=C)COC(=O)NCC1(C)CC(NC(=O)SCCC(=O)OCC(COC(=O)CCS)(COC(=O)CCS)COC(=O)CCS)CC(C)(C)C1,1.3,Design a shape memory polymer with Tg ≈ 140°C and Er ≈ 80 MPa that includes thiol(CCS) and vinyl(C=C) groups.,"['CCS', 'C=C']",mix_generated_responses.json
38,C=C(CCS)OCC(COC(=O)CCS)(COC(=O)CCS)COC(=O)CCSC(=O)NCC1(C)CC(NC(=O)SCCC(=O)OCC(COC(=O)CCS)(COC(=O)CCS)COC(=O)CCS)CC(C)(C)C1,C=CCOCC(COCC=C)(COCC=C)COC(=O)NCC1(C)CC(NC(=O)SCCC(=O)OCC(COC(=O)CCS)(COC(=O)CCS)COC(=O)CCS)CC(C)(C)C1,1.3,Design a shape memory polymer with Tg ≈ 140°C and Er ≈ 80 MPa that includes thiol(CCS) and vinyl(C=C) groups.,"['CCS', 'C=C']",mix_generated_responses.json
39,C=C(C=O)OC(=O)C=C,C=C(C)C(=O)OCC(O)COc2ccc(C(C)(C)c1ccc(OCC(O)COC(=O)C(=C)C)cc1)cc2,1.3,"Generate a TSMP with Tg = 100°C and Er = 100 MPa, using functional groups acrylate(C=C(C=O)) and vinyl(C=C).","['C=C', 'C=C(C=O)']",mix_generated_responses.json
40,C=C(C=O)OC(=O)C=C,C=C(C)C(=O)OCCOCCOCCOCCOCCOCCOCCOCCOCCOCCOCCOCCOC(=O)C(=C)C,1.3,"Generate a TSMP with Tg = 100°C and Er = 100 MPa, using functional groups acrylate(C=C(C=O)) and vinyl(C=C).","['C=C', 'C=C(C=O)']",mix_generated_responses.json
41,C=C(C=O)OCCOCCOCCOC(=O)C(=C)C,C=C(C)C(=C)OCOCCOC(=O)C(=C)C,1.3,"Generate a TSMP with Tg = 100°C and Er = 100 MPa, using functional groups acrylate(C=C(C=O)) and vinyl(C=C).","['C=C(C=O)', 'C=C']",mix_generated_responses.json
42,C=C(C=O)OCCOCCOCCOCCOCCOCCOCCOCCOCCOCCOCCOCCOCCOCCOCCOCCOCCOC(=O)C(=C)C,C=C(C)C(=O)OCCOCCOCCOC(=O)C(=C)C,1.3,"Generate a TSMP with Tg = 100°C and Er = 100 MPa, using functional groups acrylate(C=C(C=O)) and vinyl(C=C).","['C=C', 'C=C(C=O)']",mix_generated_responses.json
43,C=C(C=O)OCC(O)COc2ccc(C(C)(C)c1ccc(OCC(O)COC(=O)C(=C)C)cc1)cc2,C=CCOCC(CO)(COCC=C)COCC=C,1.3,"Generate a TSMP with Tg = 100°C and Er = 100 MPa, using functional groups acrylate(C=C(C=O)) and vinyl(C=C).","['C=C(C=O)', 'C=C']",mix_generated_responses.json
44,C=C(C=O)OCCOCCOCCOCCOCCOCCOCCOCCOCCOC(=O)C(=C)C,C=CCOCC(COCC=C)(COCC=C)COC(=O)NCC1(C)CC(NC(=O)OCC(COCC=C)(COCC=C)COCC=C)CC(C)(C)C1,1.3,"Generate a TSMP with Tg = 100°C and Er = 100 MPa, using functional groups acrylate(C=C(C=O)) and vinyl(C=C).","['C=C(C=O)', 'C=C']",mix_generated_responses.json
45,C=C(C=O)OC(=O)C=C,C=CCc1ccccc1OCC(O)COC(=O)CCCCC(=O)OCC(O)COc2ccccc2CC=C,1.3,"Generate a TSMP with Tg = 100°C and Er = 100 MPa, using functional groups acrylate(C=C(C=O)) and vinyl(C=C).","['C=C(C=O)', 'C=C']",mix_generated_responses.json
46,c4cc(N(CC1CO1)CC2CO2)ccc4OCC3CO3,CC(N)COCC(C)COCC(C)COCC(C)COCC(C)COCC(C)COCC(C)N,1.6,"Generate a TSMP with Tg = 40°C and Er = 80 MPa, using functional groups epoxy(C1OC1) and imine(NC).","['C1OC1', 'NC']",mix_generated_responses.json
47,C=CC(=O)OCCn1c(=O)n(CCOC(=O)C=C)c(=O)n(CCOC(=O)C=C)c1=O,C=C(C)C(=O)OCCOCCOCCOCCOCCOCCOCCOCCOCCOCCOCCOCCOCCOCCOCCOCCOCCOC(=O)C2=CC(C(=O)OCCOCCOCCOCCOC(=O)C(=O)C)C(=O)C(=C)C2=O,1.6,"Suggest a TSMP system that satisfies Tg = 100°C and Er = 100 MPa, incorporating vinyl(C=C) and hydroxyl(=O) functionalities.","['C=C', 'C=C(C=O)']",mix_generated_responses.json
48,C=C(CCS)OCC(COC(=O)CCS)(COC(=O)CCS)COC(=O)CCSC(=O)NCC1(C)CC(NC(=O)SCCC(=O)OCC(COC(=O)CCS)(COC(=O)CCS)COC(=O)CCS)CC(C)(C)C1,C=CCOCC(COCC=C)(COCC=C)COC(=O)NCC1(C)CC(NC(=O)SCCC(=O)OCC(COC(=O)CCS)(COC(=O)CCS)COC(=O)CCS)CC(C)(C)C1,1.6,"Propose two monomers that form a TSMP with Tg around 140°C, Er near 80 MPa, and containing thiol(CCS) and vinyl(C=C) groups.","['CCS', 'C=C']",mix_generated_responses.json
49,C=CCOCC(COCC=C)(COCC=C)COC(=O)NCC1(C)CC(NC(=O)OCC(COCC=C)(COCC=C)COCC=C)CC(C)(C)C1,C=CC(=O)OOCCn1c(=O)n(CCOC(=O)C=C)c(=O)n(CCOC(=O)C=C)c1=O,1.6,Design a shape memory polymer with Tg ≈ 60°C and Er ≈ 100 MPa that includes vinyl(C=C) and vinyl(C=C) groups.,"['C=C', 'C=C(C=O)']",mix_generated_responses.json
50,C=C(C=O)OC(=O)C=C,C=C(C)C(=O)OCCOCCOCCOCCOCCOCCOCCOCCOCCOCCOCCOCCOC(=O)C(=C)C,1.6,"Suggest a TSMP system that satisfies Tg = 100°C and Er = 100 MPa, incorporating acrylate(C=C(C=O)) and vinyl(C=C) functionalities.","['C=C', 'C=C(C=O)']",mix_generated_responses.json
51,C=C(C=O)OC(=O)C=C,C=Cc1cccc(C=C)c1,1.6,"Suggest a TSMP system that satisfies Tg = 100°C and Er = 100 MPa, incorporating acrylate(C=C(C=O)) and vinyl(C=C) functionalities.","['C=C(C=O)', 'C=C']",mix_generated_responses.json
52,C=CCc4ccc(OCC1CO1)c(c2cc(CC=C)ccc2OCC3CO3)c4,CCC(COCC(C)OOCC(C)N)(COCC(C)OCC(C)N)COCC(C)OCC(C)N,2.0,"Suggest a TSMP system that satisfies Tg = 40°C and Er = 80 MPa, incorporating epoxy(C1OC1) and imine(NC) functionalities.","['C1OC1', 'NC']",mix_generated_responses.json
53,O=C(OCC1CO1)C3CC2OC2CC3C(=O)OCC4CO4,C=C(CCS)OCC(COC(=O)CCS)(COC(=O)CCS)COC(=O)CCSC(=O)NCC1(C)CC(NC(=O)SCCC(=O)OCC(COC(=O)CCS)(COC(=O)CCS)COC(=O)CCS)CC(C)(C)C1,2.0,"Propose two monomers that form a TSMP with Tg around 150°C, Er near 200 MPa, and containing vinyl(C=C) and thiol(CCS) groups.","['C1OC1', 'NC']",mix_generated_responses.json
54,c3cc(N(CC1CC1)CC2CO2)ccc3OCC4CO4,c1c(c(nc(=O)n1CCN2[C@H](SCC2=O)CO)N)F,2.0,"Propose two monomers that form a TSMP with Tg around 150°C, Er near 200 MPa, and containing vinyl(C=C) and thiol(CCS) groups.","['C1OC1', 'NC']",mix_generated_responses.json
55,CCCC(=O)OCC(CC)(COC(=O)CCS)COC(=O)CCS,C=CCn1c(=O)ncc(=O)n1C=C,2.0,"Create a thermoset polymer with Tg = 140°C, Er = 80 MPa, and monomers featuring thiol(CCS) and vinyl(C=C) groups.","['CCS', 'C=C']",mix_generated_responses.json
56,C=C(C)C(=O)OCC(O)COCC(C)(C)C(=O)OCC(O)COCC(C)(C)C(=O)OCC(O)C(=O)C(=C)C,C=C(C)C(=C)OCOCCOC(=O)C(=C)C,2.0,"Create a thermoset polymer with Tg = 140°C, Er = 80 MPa, and monomers featuring thiol(CCS) and vinyl(C=C) groups.","['C=C(C=O)', 'C=C']",mix_generated_responses.json
57,C=C(C=O)OC(=O)C=C,C=C(C)C(=C)OCOCCOC(=O)C(=C)C,2.0,Design a shape memory polymer with Tg ≈ 100°C and Er ≈ 100 MPa that includes acrylate(C=C(C=O)) and vinyl(C=C) groups.,"['C=C(C=O)', 'C=C']",mix_generated_responses.json
