prompt,smile1,smile2,tg_actual,tg_predicted,er_actual,er_predicted,tg_error,er_error
"Generate a TSMP with Tg = 100°C and Er = 100 MPa, using functional groups acrylate(C=C(C=O)) and vinyl(C=C).",C=C(C=O)OCCOCCOCCOCCOCCOCCOCCOCCOCCOCCOCCOCCOCCOCCOCCOCCOCCOCCOCCOCCOC(=O)C(=C)C,C=C(C)C(=O)OCCOCCOCCOCCOCCOCCOCCOCCOCCOCCOCCOCCOCCOCCOCCOCCOCCOCCOCCOCCOC(=O)C(=C)C,100.0,233.95981,100.0,29.066082,133.95980834960938,-70.93391799926758
"Generate a TSMP with Tg = 100°C and Er = 100 MPa, using functional groups acrylate(C=C(C=O)) and vinyl(C=C).",C=C(C=O)OCCOCCOCCOCCOCCOCCOCCOCCOCCOCCOCCOCCOCCOCCOCCOCCOCCOCCOCCOCCOC(=O)C(=C)C,C=C(C)C(=O)OCCOCCOCCOCCOCCOCCOCCOCCOCCOCCOCCOCCOCCOCCOCCOCCOCCOCCOCCOCCOC(=O)C(=C)C,100.0,233.95981,100.0,29.066082,133.95980834960938,-70.93391799926758
"Generate a TSMP with Tg = 100°C and Er = 100 MPa, using functional groups acrylate(C=C(C=O)) and vinyl(C=C).",C=C(C=O)OCCOCCOCCOCCOCCOCCOCCOCCOCCOCCOCCOCCOCCOCCOCCOCCOCCOCCOCCOCCOC(=O)C(=C)C,C=C(C)C(=O)OCCOCCOCCOCCOCCOCCOCCOCCOCCOCCOCCOCCOC(=O)C(=C)C,100.0,199.14929,100.0,27.225323,99.1492919921875,-72.77467727661133
"Create a thermoset polymer with Tg = 140°C, Er = 80 MPa, and monomers featuring thiol(CCS) and vinyl(C=C) groups.",O=c1ccc(=O)n1c4ccc(Cc3ccc(n2c(=O)ccc2=O)cc3)cc4,CC(C)(c2ccc(OCC1CO1)cc2)c4ccc(OCC3CO3)cc4,140.0,168.22543,80.0,44.584564,28.225433349609375,-35.415435791015625
"Generate a TSMP with Tg = 100°C and Er = 100 MPa, using functional groups acrylate(C=C(C=O)) and vinyl(C=C).",C=C(C=O)OCCOCCOCCOCCOCCOCCOCCOCCOCCOCCOCCOCCOCCOCCOCCOCCOCCOCCOCCOCCOC(=O)C(=C)C,C=C(C)C(=O)OCCOCCOCCOCCOCCOCCOCCOCCOCCOCCOCCOCCOC(=O)C(=C)C,100.0,199.14929,100.0,27.225323,99.1492919921875,-72.77467727661133
"Suggest a TSMP system that satisfies Tg = 100°C and Er = 100 MPa, incorporating vinyl(C=C) and hydroxyl(=O) functionalities.",C=C(C)C(=O)OCCOCCOCCOCCOCCOCCOCCOCCOCCOCCOCCOCCOCCOCCOCCOCCOCCOCCOCCOCCOC(=O)C(=C)C,C=C(C)C(=O)OCCOCCOCCOCCOCCOC(=O)C(=C)C,100.0,131.64493,100.0,26.690298,31.644927978515625,-73.30970191955566
"Generate a TSMP with Tg = 140°C and Er = 80 MPa, using functional groups thiol(CCS) and vinyl(C=C).",CC(C)(c2ccc(OCCOCCOCCOC1CO1)cc2)c4ccc(OCCOCCOCCC3CO3)cc4,C=C(CCS)OCC(COC(=O)CCS)(COC(=O)CCS)COC(=O)CCSC(=O)NCC1(C)CC(NC(=O)SCCC(=O)OCC(COC(=O)CCS)(COC(=O)CCS)COC(=O)CCS)CC(C)(C)C1,140.0,87.66391,80.0,30.504696,-52.336090087890625,-49.495304107666016
"Generate a TSMP with Tg = 140°C and Er = 80 MPa, using functional groups thiol(CCS) and vinyl(C=C).",CC(C/C=C\CC(=O)OCC(O)COc3ccc(C(C)(C)c2ccc(OCC1CO1)cc2)cc3)C(=O)OCC(O)COc6ccc(C(C)(C)c5ccc(OCC4CO4)cc5)cc6,C=CCOCC(COCC=C)(COCC=C)COC(=O)NCC1(C)CC(NC(=O)OCC(COCC=C)(COCC=C)COCC=C)CC(C)(C)C1,140.0,58.999687,80.0,29.726738,-81.00031280517578,-50.27326202392578
"Create a thermoset polymer with Tg = 60°C, Er = 100 MPa, and monomers featuring vinyl(C=C) and vinyl(C=C) groups.",C=C(C)C(=C)OCOCCOC(=O)C(=C)C,C=C(C)C(=O)OCCOCCOCCOCCOCCOC(=O)C(=C)C,60.0,79.10659,100.0,18.345476,19.106590270996094,-81.6545238494873
"Create a thermoset polymer with Tg = 40°C, Er = 80 MPa, and monomers featuring epoxy(C1OC1) and imine(NC) groups.",C=Cc1ccccc1OCC(O)COC(=O)CCCCC(=O)OCC(O)COc2ccccc2CC=C,C=C(CCS)OCC(COC(=O)CCS)(COC(=O)CCS)COC(=O)CCSC(=O)NCC1(C)CC(NC=O)CC(C)(C)C1,40.0,73.801414,80.0,32.422344,33.801414489746094,-47.57765579223633
"Propose two monomers that form a TSMP with Tg around 100°C, Er near 100 MPa, and containing acrylate(C=C(C=O)) and vinyl(C=C) groups.",C=C(C)C(=O)OCCOCCOCCOCCOCCOC(=O)C(=C)C,C=Cc1cccc(C=C)c1,100.0,65.85593,100.0,16.131523,-34.144073486328125,-83.86847686767578
"Propose two monomers that form a TSMP with Tg around 100°C, Er near 100 MPa, and containing acrylate(C=C(C=O)) and vinyl(C=C) groups.",CC(C)(c2ccc(OCC1CO1)cc2)c4ccc(OCC3CO3)cc4,O=c1ccc(=O)n1CCl,100.0,157.97293,100.0,29.143078,57.972930908203125,-70.8569221496582
"Generate a TSMP with Tg = 40°C and Er = 80 MPa, using functional groups epoxy(C1OC1) and imine(NC).",CC(C)(c2ccc(OC1CO1)cc2)c4ccc(OC3CO3)cc4,CCNC(=O)OCC(COC(=O)N)(COC(=O)N)COC(=O)N,40.0,179.03877,80.0,30.887915,139.0387725830078,-49.11208534240723
"Generate a TSMP with Tg = 40°C and Er = 80 MPa, using functional groups epoxy(C1OC1) and imine(NC).",CCC(C)(C4CCC(OCC(O)COC3CCC(C(C)(C)C2CCC(OCC1CO1)CC2)CC3)CC4)C6CCC(OCC5CO5)CC6,CC(N)COCC(C)OCC(C)OCC(C)OCC(C)OCC(C)OCC(C)OCCOCCOCCOCCOCCOCCOCCOCCOCCOCCOCCOCCOCCOCCOCCOCCOCCOCCOCCOCCOCCOCCOCCOCCOCCOCCOCCOCCOCC(C)OCC(C)OCC(C)OCC(C)OCC(C)N,40.0,296.67926,80.0,81.2237,256.67926025390625,1.2237014770507812
"Generate a TSMP with Tg = 40°C and Er = 80 MPa, using functional groups epoxy(C1OC1) and imine(NC).",CC(COc3ccc(C(C)(C)c2ccc(OCC(C)OCC1CO1)cc2)cc3)OCC4CO4,NCC(COCC(C)OCC(C)OCC(C)N)(COCC(C)OCC(C)OCC(C)N)COCC(C)OCC(C)OCC(C)N,40.0,32.897617,80.0,22.653135,-7.102382659912109,-57.34686470031738
"Generate a TSMP with Tg = 100°C and Er = 100 MPa, using functional groups vinyl(C=C) and hydroxyl(=O).",c3cc(N(CC1CC1)CC2CO2)ccc3OCC4CO4,COCCOCCOCCOCCOCCOCCOCCOCCOCCOCCOCCOCCOCCOCCOCCOCCOCCOCCOCCOCCOC(=O)N(C)CCS,100.0,166.05486,100.0,45.14302,66.05485534667969,-54.85697937011719
Design a shape memory polymer with Tg ≈ 60°C and Er ≈ 100 MPa that includes vinyl(C=C) and vinyl(C=C) groups.,c1cc(=O)cc(C=C)c(c1OCC(O)COc3cc(C(C)(C)c2cc(=O)cc2)ccc3)Cc6cc(C(C)(C)c5cc(=O)cc5)ccc6,CCC(COC(=O)CCS)(COC(=O)CCS)COC(=O)CCS,60.0,82.01892,100.0,37.22831,22.0189208984375,-62.771690368652344
Design a shape memory polymer with Tg ≈ 60°C and Er ≈ 100 MPa that includes vinyl(C=C) and vinyl(C=C) groups.,c3cc(N(CC1CO1)CC2CO2)ccc3OCC4CO4,C=C(CCS)OCC(COC(=O)CCS)(COC(=O)CCS)COC(=O)CCSC(=O)NCC1(C)CC(NCC2(C)CC(C)(C)C(C)(C)C2)CC(C)(C)C1,60.0,94.229996,100.0,34.389683,34.22999572753906,-65.61031723022461
Design a shape memory polymer with Tg ≈ 60°C and Er ≈ 100 MPa that includes vinyl(C=C) and vinyl(C=C) groups.,CC(C)(c2ccc(OC1CO1)cc2)c4ccc(OC3CO3)cc4,NCCCOCCOCCN,60.0,43.005558,100.0,14.738299,-16.994441986083984,-85.26170063018799
Design a shape memory polymer with Tg ≈ 60°C and Er ≈ 100 MPa that includes vinyl(C=C) and vinyl(C=C) groups.,CC(C)(c2ccc(OCC1CO1)cc2)c4ccc(OCC3CO3)cc4,NCCNCCN(N)C(N)C(CCN)CCN,60.0,170.3421,100.0,39.54341,110.34210205078125,-60.45658874511719
"Propose two monomers that form a TSMP with Tg around 100°C, Er near 100 MPa, and containing acrylate(C=C(C=O)) and vinyl(C=C) groups.",CCCC(=O)OCC(CC)(COC(=O)CCS)COC(=O)CCS,C=CCc1cccc(C=C)c1,100.0,62.6484,100.0,20.448278,-37.351600646972656,-79.55172157287598
"Propose two monomers that form a TSMP with Tg around 100°C, Er near 100 MPa, and containing acrylate(C=C(C=O)) and vinyl(C=C) groups.",CCCCCCCCC1OC1CCCCCCCC(COC(=O)CCCCCCCC2OC2CC3OC3CC4OC4CC)OC(=O)CCCCCCCC5OC5CC6OC6CC7OC7CC,CC1(C)CC(N)CC(C)(CN)C1,100.0,97.35807,100.0,20.275085,-2.6419296264648438,-79.72491455078125
"Propose two monomers that form a TSMP with Tg around 100°C, Er near 100 MPa, and containing acrylate(C=C(C=O)) and vinyl(C=C) groups.",O=C(OCC1CO1)C=C(C)C(=O)OCC2CO2,C=CCOCC(CO)(COCC=C)COCC=C,100.0,72.99888,100.0,22.295156,-27.001121520996094,-77.70484352111816
Design a shape memory polymer with Tg ≈ 100°C and Er ≈ 100 MPa that includes vinyl(C=C) and hydroxyl(=O) groups.,C=CC(OCC1CO1)C(=O)OCC3CO3,O=c1ccc(=O)n1c4ccc(Cc3ccc(n2c(=O)ccc2=O)cc3)cc4,100.0,175.24324,100.0,72.59193,75.24324035644531,-27.40807342529297
"Create a thermoset polymer with Tg = 100°C, Er = 100 MPa, and monomers featuring acrylate(C=C(C=O)) and vinyl(C=C) groups.",C=CCn1c(=O)n(CC=C)c(=O)n(CC=C)c1=O,CCC(COC(=O)CCSC)(COC(=O)CCSC)COC(=O)CCSC,100.0,51.379063,100.0,21.011858,-48.62093734741211,-78.9881420135498
Design a TSMP with a glass transition temperature of 100°C and an elastic recovery of 100 MPa.,C=CCc4ccc(OCC1CO1)c(c2cc(CC=C)ccc2OCC3CO3)c4,C=C(CCS)OCCn1c(=O)n(CCOC(=O)CCS)c(=O)n(CCOC(=O)CCS)c1=O,100.0,141.11128,100.0,150.5651,41.11128234863281,50.565093994140625
Generate a thermoset shape memory polymer with Tg = 100°C and Er = 100 MPa.,c3cc(N(CC1CC1)CC2CO2)ccc3OCC4CO4,CC(C)(c3ccc2OCN(c1ccccc1)Cc2c3)c6ccc5OCN(c4ccccc4)Cc5c6,100.0,189.85904,100.0,49.026806,89.85903930664062,-50.97319412231445
Propose two monomers that form a TSMP with Tg = 140°C and Er = 80 MPa.,C=C(C)C(=O)OCCOCCOCCOCCOCCOCCOCCOCCOCCOC(=O)C(=C)C,C=C(CCS)OCC(COC(=O)CCS)(COC(=O)CCS)COC(=O)CCSC(=O)NC1(C)CC(C)(C)C1,140.0,94.64102,80.0,27.538551,-45.358978271484375,-52.461448669433594
Create a thermoset polymer with Tg around 40°C and Er near 80 MPa.,Cc3cc(c2cc(C)c(OCC1CO1)c(C)c2)cc(C)c3OCC4CO4,CC(C)(c3ccc2OCN(c1ccccc1)Cc2c3)c6ccc5OCN(c4ccccc4)Cc5c6,40.0,169.05571,80.0,37.82399,129.0557098388672,-42.17601013183594
Create a thermoset polymer with Tg around 40°C and Er near 80 MPa.,C=C(C)C(=O)OCCOCCOCCOCCOCCOCCOCCOCCOCCOCCOCCOCCOCCOCCOCCOCCOCCOC(=O)C(=C)C,C=C(C)C(=O)OCCOCCOCCOCCOCCOCCOCCOCCOCCOCCOCCOCCOCCOCCOCCOCCOC(=O)C(=C)C,40.0,202.37277,80.0,28.47091,162.37277221679688,-51.529090881347656
Propose two monomers that form a TSMP with Tg = 100°C and Er = 100 MPa.,C=C(C)C(=O)OCCOCCOCCOCCOCCOCCOCCOCCOCCOCCOCCOCCOC(=O)C(=C)C,C=CCc1ccccc1OCC(O)COc2ccccc2CC=C,100.0,68.295685,100.0,24.825367,-31.704315185546875,-75.17463302612305
Propose two monomers that form a TSMP with Tg = 100°C and Er = 100 MPa.,C=C(C)C(=O)OCCOCCOCCOCCOCCOCCOCCOCCOCCOCCOCCOCCOCCOCCOCCOCCOCCOCCOCCOCCOC(=O)C(=C)C,C=C(C)C(=O)OCCOCCOCCOCCOCCOC(=O)C(=C)C,100.0,131.64493,100.0,26.690298,31.644927978515625,-73.30970191955566
Propose two monomers that form a TSMP with Tg = 100°C and Er = 100 MPa.,C=Cc1ccccc1OCC(O)COC(=O)Cc3ccc(C(=O)OCC(O)COc2ccccc2CC=C)cc3,C=C(CCS)OCCn1c(=O)n(CCOC(=O)CCS)c(=O)n(CCOC(=O)CCS)c1=O,100.0,132.08739,100.0,163.26976,32.08738708496094,63.26976013183594
Propose two monomers that form a TSMP with Tg = 140°C and Er = 80 MPa.,c3cc(N(CC1CO1)CC2CO2)ccc3OCC4CO4,CC(C)(C)NCCCOCCOCCOCCOCCOCCOCCOCCOCCOCCOCCOCCOCCOCCOCCOCCOCCOCCOCCOCCOCCOCCOCCOCCOCCOCCOCCOCCOCCOCCOCCOCCOCCOCCOCCOCCOCCOCCOCCOCCOCCOCCOCCOCCOCCOCCOCCOCCOCCOCCOC(=O)N(C)CC(C)(CN)COCCOCCOCCOCCOCCOCCOCCOCCOCCOCCOCCOCCOC(=O)N(C)CC(C)(CN)COCCOCCOCCOCCOCCOCCOCCOCCOCCOCCOCCOCCOC(=O)N(C)CC(C)(CN)COCCO,140.0,457.9864,80.0,153.97995,317.98638916015625,73.97994995117188
Suggest a polymer system for Tg ≈ 40°C and Er ≈ 80 MPa.,CC(COC(=O)CCc3ccc(S(=O)(=O)c2ccc(OCC(C)OCC1CO1)cc2)cc3)OCC4CO4,CCC(COCC(C)OCC(C)OCC(C)N)(COCC(C)OCC(C)OCC(C)N)COCC(C)OCC(C)OCC(C)N,40.0,112.5549,80.0,41.902378,72.55490112304688,-38.09762191772461
Propose two monomers that form a TSMP with Tg = 100°C and Er = 100 MPa.,CC(C)(c4ccc(OCC(O)COc3ccc(C(C)(C)c2ccc(OCC1CO1)cc2)cc3)cc4)c6ccc(OCC5CO5)cc6,CC(COCC(C)OCC(C)N)(COCC(C)OCC(C)N)COCC(C)OCC(C)N,100.0,63.12751,100.0,27.886217,-36.87248992919922,-72.11378288269043
Propose two monomers that form a TSMP with Tg = 100°C and Er = 100 MPa.,c1ccc3c(c1)c2ccccc2C3(c5ccc(OCCOCC4CO4)cc5)c7ccc(OCCOCC6CO6)cc7,CC(N)COCC(C)OCC(C)OCC(C)OCC(C)OCC(C)OCC(C)OCC(C)OCCOCCOCCOCCOCCOCCOCCOCCOCCOCCOCCOCCOCCOCCOCCOCCOCCOCCOCCOCCOCCOCCOCCOCCOCCOCCOCCOCCOCC(C)OCC(C)OCC(C)OCC(C)OCC(C)N,100.0,272.45746,100.0,58.691944,172.45745849609375,-41.30805587768555
Design a TSMP with a glass transition temperature of 150°C and an elastic recovery of 200 MPa.,Cc3cc(c2cc(C)c(OCC1CO1)c(C)c2)cc(C)c3OCC4CO4,O=c1ccc(=O)n1c4ccc(Cc3ccc(n2c(=O)ccc2=O)cc3)cc4,150.0,175.48047,200.0,40.318745,25.48046875,-159.68125534057617
Design a TSMP with a glass transition temperature of 150°C and an elastic recovery of 200 MPa.,c3cc(N(CC1CO1)CC2CO2)ccc3Cc6ccc(N(CC4CO4)CC5CO5)cc6,NCNCCN,150.0,156.32596,200.0,131.0033,6.325958251953125,-68.9967041015625
Design a TSMP with a glass transition temperature of 150°C and an elastic recovery of 200 MPa.,C=C(C)C(=O)OCCOCCOCCOC(=O)C(=C)C,C=C(C)C(=O)OCCOCCOCCOCCOC(=O)C(=C)C,150.0,90.99416,200.0,24.741127,-59.005836486816406,-175.25887298583984
Propose two monomers that form a TSMP with Tg = 140°C and Er = 80 MPa.,C=CCc1ccccc1OCC(O)COC(=O)Cc3ccc(C(=O)OCC(O)COc2ccccc2CC=C)cc3,C=CCC(COC(=O)CCS)OCC(O)COC(=O)CCS,140.0,135.82582,80.0,32.468388,-4.1741790771484375,-47.531612396240234
Suggest a polymer system for Tg ≈ 60°C and Er ≈ 100 MPa.,CC(C)(c2ccc(OCCOCCOCCOCC1CO1)cc2)c4ccc(OCCOCCOCCOCC3CO3)cc4,NCCCOCCOCCN,60.0,45.45843,100.0,15.3819475,-14.541568756103516,-84.61805248260498
Suggest a polymer system for Tg ≈ 60°C and Er ≈ 100 MPa.,CCCCCCCCC1OC1CCCCCCCC(=O)OCC(COC(=O)CCCCCCCC2OC2CC3OC3CC4OC4CC)OC(=O)CCCCCCCC5OC5CC6OC6CC7OC7CC,NCCCOCCOCCN,60.0,80.24748,100.0,23.052849,20.247482299804688,-76.94715118408203
Design a TSMP with a glass transition temperature of 100°C and an elastic recovery of 100 MPa.,CC(C)(C4CCC(OCC(O)C3CCC(C(C)(C)C2CCC(OCC1CO1)CC2)CC3)CC4)C6CCC(OCC5CO5)CC6,CCC(COCC(C)OCC(C)N)(COCC(C)OCC(C)N)COCC(C)OCC(C)N,100.0,71.37947,100.0,38.501076,-28.620529174804688,-61.498924255371094
Design a TSMP with a glass transition temperature of 100°C and an elastic recovery of 100 MPa.,C=C(C)C(=O)OCC(O)COc2ccc(C(C)(C)c1ccc(OCC(O)COC(=O)C(=C)C)cc1)cc2,C=C(C)C(=O)OCCOCCOCCOCCOCCOCCOCCOCCOCCOCCOCCOCCOCCOC(=O)C(=C)C,100.0,156.04405,100.0,27.916733,56.04405212402344,-72.08326721191406
Suggest a polymer system for Tg ≈ 40°C and Er ≈ 80 MPa.,C=C(C)C(=O)OCCCCCCC(=O)OCC(C)(C)COC(=O)C(=C)C,C=Cc1cccc(C=C)c1,40.0,76.22956,80.0,23.535204,36.22956085205078,-56.46479606628418
Suggest a polymer system for Tg ≈ 40°C and Er ≈ 80 MPa.,C=CCC(=O)OCC(O)COc2ccc(C(C)(C)c1ccc(OCC(=O)COC(=O)C=C)cc1)cc2,C=C(C)C(=O)OCCOCCOCCOCCOCCOCCOCCOCCOCCOCCOCCOCC(C)(C)C(=O)C(=C)C,40.0,85.80976,80.0,27.819145,45.80976104736328,-52.18085479736328
Suggest a polymer system for Tg ≈ 40°C and Er ≈ 80 MPa.,C=C(C)C(=O)OCCCCCCC(=O)OCC(C)(C)COC(=O)C(=C)C,C=C(C)C(=O)OCC(O)COc2ccc(C(C)c1ccc(OCC(C)OCC(C)CC1CO1)cc1)cc2,40.0,91.50694,80.0,35.99063,51.50694274902344,-44.009368896484375
Generate a thermoset shape memory polymer with Tg = 100°C and Er = 100 MPa.,C=C(C)C(=O)OCC(O)COc2ccc(C(C)(C)c1ccc(OCC(O)COC(=O)C(=C)C)cc1)cc2,CCC(COC(=CCS)COCC)(COC(=CCS)CCS)COC(=CCS)CCC(COCC)(COCC)COCC,100.0,94.66115,100.0,24.639116,-5.3388519287109375,-75.36088371276855
Generate a thermoset shape memory polymer with Tg = 100°C and Er = 100 MPa.,CCCCCCCCC1OC1CCCCCCCC(=O)OCC(COC(=O)CCCCCCCC2OC2CC3OC3CC4OC4CC)OC(=O)CCCCCCCC5OC5CC6OC6CC7OC7CC,NCCOCCOCCCN,100.0,80.24748,100.0,23.052849,-19.752517700195312,-76.94715118408203
Generate a thermoset shape memory polymer with Tg = 60°C and Er = 100 MPa.,c3cc(N(CC1CO1)CC2CO2)ccc3,COCCOCCOCCOCCOCCOCCOCCOCCOCCOCCOCCOCCOCCOC(=O)OCC(COCC(C)OCC(C)OCC(C)N)CC(C)OCC(C)OCC(C)N,60.0,184.19443,100.0,23.100359,124.19442749023438,-76.8996410369873
Generate a thermoset shape memory polymer with Tg = 60°C and Er = 100 MPa.,O=C(OCC1CO1)C3CC2OC2CC3C(=O)OCC4CO4,CC(N)COCC(C)OCC(C)OCC(C)OCC(C)OC(=O)N,60.0,115.514175,100.0,35.431602,55.51417541503906,-64.56839752197266
Create a thermoset polymer with Tg around 100°C and Er near 100 MPa.,CC(C)(c2ccc(OCCOCC1CO1)cc2)c4ccc(OCCOCC3CO3)cc4,CCC(COCC(O)COCC(C)CCCCC)CC(COCC(O)COCC(C)CCCCC)CC(COCC(O)COCC(C)OCC(C)N)CC(CCOCC(O)COCC(C)OCC(C)N)CC(C)OCC(O)C,100.0,203.94238,100.0,22.46254,103.9423828125,-77.53746032714844
Create a thermoset polymer with Tg around 100°C and Er near 100 MPa.,c3cc(N(CC1CC1)CC2CO2)ccc3OCC4CO4,CC(N)COCC(C)OCC(C)NCC(C)OCC(C)OCC(C)OCC(C)NCC(C)OCC(C)OCC(C)NCCC1(C)CC(C)(C)C1CC(C)/COCC(C)/COCC(C)/COCC(C)/CCS,100.0,199.46074,100.0,30.344078,99.46073913574219,-69.65592193603516
"Propose two monomers that form a TSMP with Tg around 40°C, Er near 80 MPa, and containing epoxy(C1OC1) and imine(NC) groups.",C=C(C)C(=O)OCCOCCOCCOCCOCCOCCOCCOCCOCCOCCOCCOCCOCCOCCOCCOCCOCCOC(=O)C(=C)C,CC(N)COCC(C)OCC(C)OCC(C)OCC(C)OCC(C)OCC(C)N,40.0,52.375614,80.0,20.911512,12.375614166259766,-59.08848762512207
"Suggest a TSMP system that satisfies Tg = 140°C and Er = 80 MPa, incorporating thiol(CCS) and vinyl(C=C) functionalities.",C=C(CCS)OCC(COC(=O)CCS)(COC(=O)CCS)COC(=O)CCSC(=O)NCC1(C)CC(NC(=O)SCCC(=O)OCC(COC(=O)CCS)(COC(=O)CCS)COC(=O)CCS)CC(C)(C)C1,CCC(COC(=O)CCS)(COC(=O)CCS)COC(=O)CCS,140.0,74.945175,80.0,31.47378,-65.05482482910156,-48.52622032165527
"Suggest a TSMP system that satisfies Tg = 140°C and Er = 80 MPa, incorporating thiol(CCS) and vinyl(C=C) functionalities.",O=C(OCC1CO1)C3CC2OC2CC3C(=O)OCC4CO4,C=C(CCS)OCCn1c(=O)n(CCOC(=O)CCS)c(=O)n(CCOC(=O)CCS)c1=O,140.0,113.66723,80.0,151.77823,-26.33277130126953,71.77822875976562
"Suggest a TSMP system that satisfies Tg = 140°C and Er = 80 MPa, incorporating thiol(CCS) and vinyl(C=C) functionalities.",C=C(CCS)OCC(COC(=O)CCS)(COC(=O)CCS)COC(=O)CCSC(=O)NCC1(C)CC(NC(=O)SCCC(=O)OCC(COC(=O)CCS)(COC(=O)CCS)COC(=O)CCS)CC(C)(C)C1,C=C(CCS)OCC(COC(=O)CCS)(COC(=O)CCS)COC(=O)CCS,140.0,81.45177,80.0,32.52658,-58.54823303222656,-47.473419189453125
"Suggest a TSMP system that satisfies Tg = 140°C and Er = 80 MPa, incorporating thiol(CCS) and vinyl(C=C) functionalities.",C=C(CCS)OCC(COC(=O)CCS)(COC(=O)CCS)COC(=O)CCSC(=O)NCC1(C)CC(NC(=O)SCCC(=O)OCC(COC(=O)CCS)(COC(=O)CCS)COC(=O)CCS)CC(C)(C)C1,CCC(COC(=O)CCS)(COC(=O)CCS)COC(=O)CCS,140.0,74.945175,80.0,31.47378,-65.05482482910156,-48.52622032165527
"Suggest a TSMP system that satisfies Tg = 140°C and Er = 80 MPa, incorporating thiol(CCS) and vinyl(C=C) functionalities.",O=C(OCC1CO1)C3CC2OC2CC3C(=O)OCC4CO4,C=C(CCS)OCCn1c(=O)n(CCOC(=O)CCS)c(=O)n(CCOC(=O)CCS)c1=O,140.0,113.66723,80.0,151.77823,-26.33277130126953,71.77822875976562
"Suggest a TSMP system that satisfies Tg = 140°C and Er = 80 MPa, incorporating thiol(CCS) and vinyl(C=C) functionalities.",C=C(CCS)OCC(COC(=O)CCS)(COC(=O)CCS)COC(=O)CCSC(=O)NCC1(C)CC(NC(=O)SCCC(=O)OCC(COC(=O)CCS)(COC(=O)CCS)COC(=O)CCS)CC(C)(C)C1,CCC(COC(=O)CCS)(COC(=O)CCS)COC(=O)CCS,140.0,74.945175,80.0,31.47378,-65.05482482910156,-48.52622032165527
"Generate a TSMP with Tg = 100°C and Er = 100 MPa, using functional groups acrylate(C=C(C=O)) and vinyl(C=C).",CC(C)(c2ccc(OCCOCCOCCOC1CO1)cc2)c4ccc(OCCOCCOCCC3CO3)cc4,C=C(C)C(=O)OCCOCCOCCOCCOCCOCCOCCOCCOCCOCCOCCOCCOCCOCCOCCOCCOCCOCCOCCOCCOC(=O)C(=C)C,100.0,215.1902,100.0,32.37308,115.19020080566406,-67.62691879272461
"Generate a TSMP with Tg = 100°C and Er = 100 MPa, using functional groups acrylate(C=C(C=O)) and vinyl(C=C).",CC(C)(c2ccc(OC1CO1)cc2)c4ccc(OC3CO3)cc4,C=C(C)C(=O)OCCOCCOCCOCCOCCOCCOCCOCCOCCOCCOCCOCCOCCOCCOCCOCCOCCOCCOCCOCCOC(=O)C(=C)C,100.0,208.59966,100.0,38.940613,108.59965515136719,-61.05938720703125
"Propose two monomers that form a TSMP with Tg around 40°C, Er near 80 MPa, and containing epoxy(C1OC1) and imine(NC) groups.",CCCCCCCCC1OC1CCCCCCCC(=O)OCC(COC(=O)CCCCCCCC2OC2CC3OC3CC4OC4CC)OC(=O)CCCCCCCC5OC5CC6OC6CC7OC7CC,CCCCCCCCCCCN,40.0,86.029785,80.0,25.036154,46.02978515625,-54.96384620666504
"Propose two monomers that form a TSMP with Tg around 40°C, Er near 80 MPa, and containing epoxy(C1OC1) and imine(NC) groups.",CCCCCCCCC1OC1CCCCCCCC(=O)OCC(COC(=O)CCCCCCCC2OC2CC3OC3CC4OC4CC)OC(=O)CCCCCCCC5OC5CC6OC6CC7OC7CC,CCCCCCCCCCCN,40.0,86.029785,80.0,25.036154,46.02978515625,-54.96384620666504
"Propose two monomers that form a TSMP with Tg around 40°C, Er near 80 MPa, and containing epoxy(C1OC1) and imine(NC) groups.",CCCCCCCCC1OC1CCCCCCCC(=O)OCC(COC(=O)CCCCCCCC2OC2CC3OC3CC4OC4CC)OC(=O)CCCCCCCC5OC5CC6OC6CC7OC7CC,CCCCCCCCCCCN,40.0,86.029785,80.0,25.036154,46.02978515625,-54.96384620666504
"Propose two monomers that form a TSMP with Tg around 40°C, Er near 80 MPa, and containing epoxy(C1OC1) and imine(NC) groups.",CCCCCCCCC1OC1CCCCCCCC(=O)OCC(COC(=O)CCCCCCCC2OC2CC3OC3CC4OC4CC)OC(=O)CCCCCCCC5OC5CC6OC6CC7OC7CC,CCCCCCCCCCCN,40.0,86.029785,80.0,25.036154,46.02978515625,-54.96384620666504
"Propose two monomers that form a TSMP with Tg around 40°C, Er near 80 MPa, and containing epoxy(C1OC1) and imine(NC) groups.",O=C(OCC1CO1)C3CC2OC2CC3C(=O)OCC4CO4,C=C(C)C(=O)OCCOCCOCCOC(=O)C(=C)C,40.0,105.83484,80.0,39.775837,65.8348388671875,-40.22416305541992
"Propose two monomers that form a TSMP with Tg around 40°C, Er near 80 MPa, and containing epoxy(C1OC1) and imine(NC) groups.",CCCCCCCCC1OC1CCCCCCCC(=O)OCC(COC(=O)CCCCCCCC2OC2CC3OC3CC4OC4CC)OC(=O)CCCCCCCC5OC5CC6OC6CC7OC7CC,CCCCCCCCCCCN,40.0,86.029785,80.0,25.036154,46.02978515625,-54.96384620666504
"Propose two monomers that form a TSMP with Tg around 40°C, Er near 80 MPa, and containing epoxy(C1OC1) and imine(NC) groups.",CCCCCCCCC1OC1CCCCCCCC(=O)OCC(COC(=O)CCCCCCCC2OC2CC3OC3CC4OC4CC)OC(=O)CCCCCCCC5OC5CC6OC6CC7OC7CC,CCCCCCCCCCCN,40.0,86.029785,80.0,25.036154,46.02978515625,-54.96384620666504
"Propose two monomers that form a TSMP with Tg around 40°C, Er near 80 MPa, and containing epoxy(C1OC1) and imine(NC) groups.",CCCCCCCCC1OC1CCCCCCCC(=O)OCC(COC(=O)CCCCCCCC2OC2CC3OC3CC4OC4CC)OC(=O)CCCCCCCC5OC5CC6OC6CC7OC7CC,CCCCCCCCCCCN,40.0,86.029785,80.0,25.036154,46.02978515625,-54.96384620666504
"Propose two monomers that form a TSMP with Tg around 40°C, Er near 80 MPa, and containing epoxy(C1OC1) and imine(NC) groups.",CCCCCCCCC1OC1CCCCCCCC(=O)OCC(COC(=O)CCCCCCCC2OC2CC3OC3CC4OC4CC)OC(=O)CCCCCCCC5OC5CC6OC6CC7OC7CC,CC(=O)OCCOCCOCCOCCOCCOCCOCCOCCOCCOCCOC(=O)C(C)=O,40.0,134.47086,80.0,31.05518,94.47085571289062,-48.944820404052734
"Propose two monomers that form a TSMP with Tg around 40°C, Er near 80 MPa, and containing epoxy(C1OC1) and imine(NC) groups.",CCCCCCCCC1OC1CCCCCCCC(=O)OCC(COC(=O)CCCCCCCC2OC2CC3OC3CC4OC4CC)OC(=O)CCCCCCCC5OC5CC6OC6CC7OC7CC,CCCCCCCCCCCN,40.0,86.029785,80.0,25.036154,46.02978515625,-54.96384620666504
"Propose two monomers that form a TSMP with Tg around 40°C, Er near 80 MPa, and containing epoxy(C1OC1) and imine(NC) groups.",CCCCCCCCC1OC1CCCCCCCC(=O)OCC(COC(=O)CCCCCCCC2OC2CC3OC3CC4OC4CC)OC(=O)CCCCCCCC5OC5CC6OC6CC7OC7CC,CCCCCCCCCCCN,40.0,86.029785,80.0,25.036154,46.02978515625,-54.96384620666504
"Propose two monomers that form a TSMP with Tg around 40°C, Er near 80 MPa, and containing epoxy(C1OC1) and imine(NC) groups.",CCCCCCCCC1OC1CCCCCCCC(=O)OCC(COC(=O)CCCCCCCC2OC2CC3OC3CC4OC4CC)OC(=O)CCCCCCCC5OC5CC6OC6CC7OC7CC,CCCCCCCCCCCN,40.0,86.029785,80.0,25.036154,46.02978515625,-54.96384620666504
"Propose two monomers that form a TSMP with Tg around 40°C, Er near 80 MPa, and containing epoxy(C1OC1) and imine(NC) groups.",CCCCCCCCC1OC1CCCCCCCC(=O)OCC(COC(=O)CCCCCCCC2OC2CC3OC3CC4OC4CC)OC(=O)CCCCCCCC5OC5CC6OC6CC7OC7CC,CCCCCCCCCCCN,40.0,86.029785,80.0,25.036154,46.02978515625,-54.96384620666504
"Propose two monomers that form a TSMP with Tg around 40°C, Er near 80 MPa, and containing epoxy(C1OC1) and imine(NC) groups.",CCCCCCCCC1OC1CCCCCCCC(=O)OCC(COC(=O)CCCCCCCC2OC2CC3OC3CC4OC4CC)OC(=O)CCCCCCCC5OC5CC6OC6CC7OC7CC,CCCCCCCCCCCN,40.0,86.029785,80.0,25.036154,46.02978515625,-54.96384620666504
"Generate a TSMP with Tg = 100°C and Er = 100 MPa, using functional groups vinyl(C=C) and hydroxyl(=O).",C=C(C)C(=O)OCCOCCOCCOCCOCCOCCOCCOCCOCCOCCOCCOCCOCCOCCOCCOCCOCCOC(=O)C(=C)C,CC(=O)OCCOCCOCCOCCOCCOCCOCCOCCOCCOCCOCCOCCOCCOCCOCCOCCOCCOCCOCCOCCOC(=O)C(C)=O,100.0,206.18631,100.0,29.234034,106.18630981445312,-70.76596641540527
"Generate a TSMP with Tg = 100°C and Er = 100 MPa, using functional groups vinyl(C=C) and hydroxyl(=O).",C=C(C)C(=O)OCCOCCOCCOCCOCCOCCOCCOCCOCCOCCOCCOCCOCCOCCOCCOCCOCCOC(=O)C(=C)C,C=C(C)C(=O)OCCOCCOCCOCCOCCOCCOCCOCCOCCOCCOCCOCCOCCOC(=O)C(C)=O,100.0,185.39215,100.0,29.103176,85.39215087890625,-70.89682388305664
"Create a thermoset polymer with Tg = 140°C, Er = 80 MPa, and monomers featuring thiol(CCS) and vinyl(C=C) groups.",O=C(OCC1CO1)C3CC2OC2CC3C(=O)OCC4CO4,C=C(CCS)OCCn1c(=O)n(CCOC(=O)CCS)c(=O)n(CCOC(=O)CCS)c1=O,140.0,113.66723,80.0,151.77823,-26.33277130126953,71.77822875976562
"Create a thermoset polymer with Tg = 140°C, Er = 80 MPa, and monomers featuring thiol(CCS) and vinyl(C=C) groups.",C=C(CCS)OCC(COC(=O)CCS)(COC(=O)CCS)COC(=O)CCSC(=O)NCC1(C)CC(NC(=O)SCCC(=O)OCC(COC(=O)CCS)(COC(=O)CCS)COC(=O)CCS)CC(C)(C)C1,CCC(COC(=O)CCS)(COC(=O)CCS)COC(=O)CCS,140.0,74.945175,80.0,31.47378,-65.05482482910156,-48.52622032165527
"Create a thermoset polymer with Tg = 140°C, Er = 80 MPa, and monomers featuring thiol(CCS) and vinyl(C=C) groups.",C=C(C)C(=O)OCC(O)COc2ccc(C(C)(C)c1ccc(OCC(O)COC(=O)C(=C)C)cc1)cc2,C=C(CCS),140.0,69.03895,80.0,25.470568,-70.96105194091797,-54.52943229675293
"Create a thermoset polymer with Tg = 140°C, Er = 80 MPa, and monomers featuring thiol(CCS) and vinyl(C=C) groups.",O=C(OCC1CO1)C3CC2OC2CC3C(=O)OCC4CO4,C=C(CCS)OCCn1c(=O)n(CCOC(=O)CCS)c(=O)n(CCOC(=O)CCS)c1=O,140.0,113.66723,80.0,151.77823,-26.33277130126953,71.77822875976562
"Suggest a TSMP system that satisfies Tg = 60°C and Er = 100 MPa, incorporating vinyl(C=C) and vinyl(C=C) functionalities.",C=C(C)C(=O)OCCOCCOCCOCCOCCOCCOCCOCCOCCOCCOCCOCCOCCOCCOCCOCCOCCOC(=O)C(C)=O,C=C(C)C(=O)OCCOCCOCCOCCOCCOCCOCCOCCOCCOCCOCCOCCOCCOCCOCCOCCOCCOCCOCCOCCOCCOC(=O)C(=C)C,60.0,219.26201,100.0,29.997002,159.2620086669922,-70.00299835205078
"Suggest a TSMP system that satisfies Tg = 60°C and Er = 100 MPa, incorporating vinyl(C=C) and vinyl(C=C) functionalities.",C=CCc1ccccc1OCC(O)COC(=O)CCCCC(=O)OCC(O)COc2ccccc2CC=C,C=CCc1ccccc1OCC(O)COc2ccccc2CC=C,60.0,115.61102,100.0,33.86966,55.61102294921875,-66.13034057617188
"Generate a TSMP with Tg = 100°C and Er = 100 MPa, using functional groups acrylate(C=C(C=O)) and vinyl(C=C).",C=C(C=O)OCCOCCOCCOCCOCCOCCOCCOCCOCCOCCOCCOCCOCCOCCOCCOCCOCCOCCOCCOCCOC(=O)C(C)=O,C=C(C)C(=O)OCCOCCOCCOCCOCCOCCOCCOCCOCCOCCOCCOCCOC(=O)C(=C)C,100.0,185.92058,100.0,26.411755,85.92057800292969,-73.5882453918457
"Generate a TSMP with Tg = 100°C and Er = 100 MPa, using functional groups acrylate(C=C(C=O)) and vinyl(C=C).",CC(=O)OCCOCCOCCOCCOCCOCCOCCOCCOCCOCCOCCOCCOCCOCCOCCOCCOCCOCCOCCOCCOCCOCCOCCOCCOCCOCCOCCOCCOCCOCCOCCOCCOCCOCCOCCOCCOCCOCCOCCOCCOCCOCCOCCOCCOCCOCCOCCOCCOCCOCCOCCOCCOCCOCCOCCOCCOCCOCCOCCOCCOCCOCCOCCOCCOCCOCCOCCOCCOCCOCCOCC(C)(C)C,C=C(C)C(=O)OCCOCCOCCOCCOCCOCCOCCOCCOCCOCCOCCOCCOCCOCCOCCOCCOCCOCCOCCOCCOCCOCC(C)OCC,100.0,152.16841,100.0,29.311483,52.16841125488281,-70.68851661682129
"Generate a TSMP with Tg = 100°C and Er = 100 MPa, using functional groups acrylate(C=C(C=O)) and vinyl(C=C).",CC(C)(c2ccc(OCCOCCOCCOC1CO1)cc2)c4ccc(OCCOCCOCCC3CC3)cc4,C=C(C)C(=O)OCCOCCOCCOCCOCCOCCOCCOCCOCCOCCOCCOCCOC(=O)C(=C)C,100.0,183.34833,100.0,33.733315,83.34832763671875,-66.26668548583984
"Generate a TSMP with Tg = 100°C and Er = 100 MPa, using functional groups acrylate(C=C(C=O)) and vinyl(C=C).",C=C(C)C(=O)OCCOCCOCCOCCOCCOCCOCCOCCOCCOCCOCCOCCOC(=O)C(C)=O,C=C(C)C(=O)OCCOCCOCCOCCOCCOCCOCCOCCOCCOCCOCCOCCOC(=O)C(=C)C,100.0,159.8512,100.0,28.561535,59.8511962890625,-71.4384651184082
"Generate a TSMP with Tg = 100°C and Er = 100 MPa, using functional groups acrylate(C=C(C=O)) and vinyl(C=C).",C=C(C=O)OCCOCCOCCOCCOCCOCCOCCOCCOCCOCCOCCOCCOCCOCCOCCOCCOCCOCCOCCOCCOCCOCCOCCOCCOCCOCCOCCOCCOCCOCCOCCOCCOCCOCCOCCOCCOCCOCCOCCOCCOCCOCC(C=O)OCC(C)(C)C,C=C(C)C(=O)OCCOCCOCCOC(=O)C(=C)C,100.0,184.83574,100.0,30.100248,84.83573913574219,-69.89975166320801
"Generate a TSMP with Tg = 100°C and Er = 100 MPa, using functional groups acrylate(C=C(C=O)) and vinyl(C=C).",CC(C)(C4CCC(OCC(O)COC3CCC(C(C)(C)C2CCC(OCC1CO1)CC2)CC3)CC4)C6CCC(OCC5CO5)CC6,C=C(C)C(=O)OCCOCCOCCOCCOCCOCCOCCOCCOCCOCCOCCOCCOCCOCCOCCOCCOCCOC(=O)C(C)=O,100.0,190.12129,100.0,36.600075,90.12129211425781,-63.399925231933594
"Generate a TSMP with Tg = 100°C and Er = 100 MPa, using functional groups acrylate(C=C(C=O)) and vinyl(C=C).",CC(C)(c2ccc(OC1CO1)cc2)c4ccc(OC3CO3)cc4,C=C(C)C(=O)OCCOCCOCCOCCOCCOCCOCCOCCOCCOCCOCCOCCOCCOCCOCCOCCOCCOC(=O)C(C)=O,100.0,192.04926,100.0,32.794697,92.04925537109375,-67.20530319213867
Design a shape memory polymer with Tg ≈ 40°C and Er ≈ 80 MPa that includes epoxy(C1OC1) and imine(NC) groups.,O=c1ccc(=O)n1c4ccc(Cc3ccc(n2c(=O)ccc2=O)cc3)cc4,CC(C)(C)N,40.0,183.26575,80.0,45.172752,143.2657470703125,-34.827247619628906
Design a shape memory polymer with Tg ≈ 40°C and Er ≈ 80 MPa that includes epoxy(C1OC1) and imine(NC) groups.,C=CCc1ccccc1OCC(O)COC(=O)Cc3ccc(C(=O)OCC(O)COc2ccccc2CC=C)cc3,CC(N)COCC(C)OCC(C)OCC(C)N,40.0,72.55389,80.0,44.36574,32.55388641357422,-35.63425827026367
Design a shape memory polymer with Tg ≈ 40°C and Er ≈ 80 MPa that includes epoxy(C1OC1) and imine(NC) groups.,C=CCc1ccccc1OCC(O)COC(=O)Cc3ccc(C(=O)OCC(O)COc2ccccc2CC=C)cc3,NCc1cccc(CN)c1,40.0,128.20369,80.0,78.785576,88.20368957519531,-1.2144241333007812
"Suggest a TSMP system that satisfies Tg = 100°C and Er = 100 MPa, incorporating vinyl(C=C) and hydroxyl(=O) functionalities.",C=C(C)C(=O)OCCOCCOCCOCCOCCOCCOCCOCCOCCOCCOCCOCCOCCOCCOCCOCCOCCOCCOCCOCCOC(=O)C(=C)C,CC(=O)OCCOCCOCCOCCOCCOCCOCCOCCOCCOC(=O)C(C)=O,100.0,157.32104,100.0,27.982143,57.321044921875,-72.01785659790039
Design a shape memory polymer with Tg ≈ 150°C and Er ≈ 200 MPa that includes vinyl(C=C) and thiol(CCS) groups.,CC(C)(C4CCC(OCC(O)COC3CCC(C(C)(C)C2CCC(OCC1CO1)CC2)CC3)CC4)C6CCC(OCC5CO5)CC6,CCCC(=O)OCC(CC)(COC(=O)CCS)COC(=O)CCS,150.0,77.67045,200.0,35.99132,-72.32955169677734,-164.0086784362793
"Generate a TSMP with Tg = 140°C and Er = 80 MPa, using functional groups thiol(CCS) and vinyl(C=C).",C=C(CCS)OCC(COC(=O)CCS)(COC(=O)CCS)COC(=O)CCSC(=O)NCC1(C)CC(NC(=O)SCCC(=O)OCC(COC(=O)CCS)(COC(=O)CCS)COC(=O)CCS)CC(C)(C)C1,CCC(COC(=O)CCS)(COC(=O)CCS)COC(=O)CCS,140.0,74.945175,80.0,31.47378,-65.05482482910156,-48.52622032165527
"Generate a TSMP with Tg = 140°C and Er = 80 MPa, using functional groups thiol(CCS) and vinyl(C=C).",CC(C/C=C\CC(=O)OCC(O)COc3ccc(C(C)(C)c2ccc(OCC1CO1)cc2)cc3)C(=O)OCC(O)COc6ccc(C(C)(C)c5ccc(OCC4CO4)cc5)cc6,C=C(CCS)OCCn1c(=O)n(CCOC(=O)CCS)c(=O)n(CCOC(=O)CCS)c1=O,140.0,141.15146,80.0,151.28636,1.151458740234375,71.28636169433594
"Generate a TSMP with Tg = 140°C and Er = 80 MPa, using functional groups thiol(CCS) and vinyl(C=C).",CCC(COCC(C)COCC(C)N)(COCC(C)OCC(C)N)COCC(C)OCC(C)N,O=c1ccc(=O)n1c4ccc(Cc3ccc(n2c(=O)ccc2=O)cc3)cc4,140.0,91.019226,80.0,30.701803,-48.98077392578125,-49.29819679260254
"Generate a TSMP with Tg = 140°C and Er = 80 MPa, using functional groups thiol(CCS) and vinyl(C=C).",C=C(CCS)OCC(COC(=O)CCS)(COC(=O)CCS)COC(=O)CCSC(=O)NCC1(C)CC(NC(=O)SCCC(=O)OCC(COC(=O)CCS)(COC(=O)CCS)COC(=O)CCS)CC(C)(C)C1,O=c1n(CCS)c(=O)n(CCS)c(=O)n1CCS,140.0,103.39238,80.0,37.00724,-36.60762023925781,-42.992759704589844
"Create a thermoset polymer with Tg = 100°C, Er = 100 MPa, and monomers featuring acrylate(C=C(C=O)) and vinyl(C=C) groups.",O=C(OCC1CO1)C3CC2OC2CC3C(=O)OCC4CO4,C=C(C)C(=O)OCCOCCOCCOCCOCCOCCOCCOCCOCCOCCOCCOCCOCCOCCOCCOCCOCCOCCOCCOCCOC(=O)C(=C)C,100.0,171.64732,100.0,50.952087,71.64732360839844,-49.04791259765625
"Create a thermoset polymer with Tg = 100°C, Er = 100 MPa, and monomers featuring acrylate(C=C(C=O)) and vinyl(C=C) groups.",CCCCCCCCC1OC1CCCCCCCC(=O)OCC(COC(=O)CCCCCCCC2OC2CC3OC3CC4OC4CC)OC(=O)CCCCCCCC5OC5CC6OC6CC7OC7CC,CCC(COC(=O)CCS)(COC(=O)CCS)COC(=O)CCS,100.0,73.580696,100.0,31.963058,-26.41930389404297,-68.03694152832031
"Create a thermoset polymer with Tg = 100°C, Er = 100 MPa, and monomers featuring acrylate(C=C(C=O)) and vinyl(C=C) groups.",CC(C)(c2ccc(OC1CO1)cc2)c4ccc(OC3CO3)cc4,C=C(C)C(=O)OCCOCCOCCOCCOCCOCCOCCOCCOCCOCCOCCOCCOCCOCCOCCOCCOCCOCCOCCOCCOC(=O)C(=C)C,100.0,208.59966,100.0,38.940613,108.59965515136719,-61.05938720703125
"Create a thermoset polymer with Tg = 100°C, Er = 100 MPa, and monomers featuring acrylate(C=C(C=O)) and vinyl(C=C) groups.",C=C(C)C(=O)OCCOCCOCCOCCOCCOCCOCCOCCOCCOCCOCCOCCOCCOCCOCCOCCOCCOCCOCCOCCOC(=O)C(=C)C,C=C(C)C(=O)OCCOCCOCCOCCOCCOCCOCCOCCOCCOC(=O)C(C)=O,100.0,163.7082,100.0,28.723682,63.70820617675781,-71.27631759643555
"Create a thermoset polymer with Tg = 100°C, Er = 100 MPa, and monomers featuring acrylate(C=C(C=O)) and vinyl(C=C) groups.",O=C(OCC1CO1)C3CC2OC2CC3C(=O)OCC4CO4,C=C(C)C(=O)OCCn1c(=O)n(CCOC(=O)C=C)c(=O)n(CCOC(=O)C=C)c1=O,100.0,172.58875,100.0,212.24165,72.5887451171875,112.24165344238281
"Create a thermoset polymer with Tg = 100°C, Er = 100 MPa, and monomers featuring acrylate(C=C(C=O)) and vinyl(C=C) groups.",C=C(C)C(=O)OCCOCCOCCOCCOCCOCCOCCOCCOCCOCCOCCOCCOC(=O)C(=C)C,C=C(C)C(=O)OCCOCCOCCOCCOCCOCCOCCOCCOCCOC(=O)C(C)=O,100.0,149.83766,100.0,28.127022,49.83766174316406,-71.87297821044922
"Create a thermoset polymer with Tg = 100°C, Er = 100 MPa, and monomers featuring acrylate(C=C(C=O)) and vinyl(C=C) groups.",O=C(OCC1CO1)C3CC2OC2CC3C(=O)OCC4CO4,C=C(C)C(=O)OCCOCCOCCOCCOCCOC(=O)C(C)=O,100.0,111.415474,100.0,43.908894,11.415473937988281,-56.09110641479492
"Create a thermoset polymer with Tg = 40°C, Er = 80 MPa, and monomers featuring epoxy(C1OC1) and imine(NC) groups.",O=c1n(CCS)c(=O)n(CCS)c(=O)n1CCS,NCc1cccc(CN)c1,40.0,165.50346,80.0,32.819298,125.50346374511719,-47.180702209472656
"Create a thermoset polymer with Tg = 40°C, Er = 80 MPa, and monomers featuring epoxy(C1OC1) and imine(NC) groups.",O=c1ccc(=O)n1c4ccc(Cc3ccc(n2c(=O)ccc2=O)cc3)cc4,CC(N)COCC(C)COCC(C)COCC(C)COCC(C)COCC(C)COCC(C)N,40.0,97.54199,80.0,26.464167,57.5419921875,-53.53583335876465
Design a shape memory polymer with Tg ≈ 100°C and Er ≈ 100 MPa that includes vinyl(C=C) and hydroxyl(=O) groups.,C=C(C)C(=O)OCCCC,C(=O)OCCOCCOCCOCCOCCOCCOCCOCCOCCOC(=O)C,100.0,92.74854,100.0,21.522146,-7.251457214355469,-78.47785377502441
Design a shape memory polymer with Tg ≈ 100°C and Er ≈ 100 MPa that includes vinyl(C=C) and hydroxyl(=O) groups.,C=Cc1cccc(C=C)c1,O=C(O)CCCC(=O)O,100.0,51.847103,100.0,14.955478,-48.152896881103516,-85.04452228546143
Design a shape memory polymer with Tg ≈ 100°C and Er ≈ 100 MPa that includes vinyl(C=C) and hydroxyl(=O) groups.,O=C(OCC1CO1)C3CC2OC2CC3C(=O)OCC4CO4,C=C(C)C(=O)OCC(O)COc2ccc(C(C)(C)c1ccc(OCC(O)COC(=O)C(=C)C)cc1)cc2,100.0,102.47752,100.0,85.53109,2.4775238037109375,-14.468910217285156
Design a shape memory polymer with Tg ≈ 100°C and Er ≈ 100 MPa that includes vinyl(C=C) and hydroxyl(=O) groups.,C=C(C)C(=O)OCCOCCOCCOCCOCCOCCOCCOCCOCCOC(=O)C(=C)C,CC(=O)OCCOCCOCCOCCOCCOCCOCCOCCOCCOC(=O)C(C)=O,100.0,146.08133,100.0,27.933598,46.081329345703125,-72.06640243530273
Design a shape memory polymer with Tg ≈ 100°C and Er ≈ 100 MPa that includes vinyl(C=C) and hydroxyl(=O) groups.,C=CCc1ccccc1OCC(O)COC(=O)CCCCC(=O)OCC(O)COc2ccccc2CC=C,O=C(O)C(=O)N,100.0,156.54608,100.0,32.45365,56.54608154296875,-67.54634857177734
Design a shape memory polymer with Tg ≈ 100°C and Er ≈ 100 MPa that includes vinyl(C=C) and hydroxyl(=O) groups.,O=C(OCC1CO1)C3CC2OC2CC3C(=O)OCC4CO4,CCC(COC(=O)CCS)(COC(=O)CCS)COC(=O)CCS,100.0,70.9856,100.0,42.881958,-29.01439666748047,-57.1180419921875
"Create a thermoset polymer with Tg = 150°C, Er = 200 MPa, and monomers featuring vinyl(C=C) and thiol(CCS) groups.",O=C(OCC1CO1)C3CC2OC2CC3C(=O)OCC4CO4,C=C(C)C(=O)OCCOCCOCCOC(=O)C(=C)C,150.0,105.83484,200.0,39.775837,-44.1651611328125,-160.22416305541992
"Create a thermoset polymer with Tg = 150°C, Er = 200 MPa, and monomers featuring vinyl(C=C) and thiol(CCS) groups.",c3cc(N(CC1CC1)CC2CO2)ccc3OCC4CO4,C=C(C)C(=O)OCCOCCOCCOCCOCCOCCOCCOCCOCCOC(=O)C(=C)C,150.0,145.32507,200.0,58.772186,-4.6749267578125,-141.22781372070312
"Create a thermoset polymer with Tg = 150°C, Er = 200 MPa, and monomers featuring vinyl(C=C) and thiol(CCS) groups.",CC(COc3ccc(C(C)(C)c2ccc(OCC(C)OCC1CO1)cc2)cc3)OCC4CO4,C=C(CCS)OCCn1c(=O)n(CCOC(=O)CCS)c(=O)n(CCOC(=O)CCS)c1=O,150.0,148.62747,200.0,130.97156,-1.372528076171875,-69.0284423828125
"Generate a TSMP with Tg = 140°C and Er = 80 MPa, using functional groups thiol(CCS) and vinyl(C=C).",Nc2ccc(Oc1ccc(N)cc1)cc2,C=C(C)C(=O)OCCCC,140.0,66.3997,80.0,23.466883,-73.60030364990234,-56.53311729431152
"Generate a TSMP with Tg = 140°C and Er = 80 MPa, using functional groups thiol(CCS) and vinyl(C=C).",CCC(COCC(C)COCC(C)N)(COCC(C)OCC(C)N)COCC(C)OCC(C)N,O=C(O)C=C,140.0,46.832752,80.0,21.247728,-93.1672477722168,-58.75227165222168
"Generate a TSMP with Tg = 140°C and Er = 80 MPa, using functional groups thiol(CCS) and vinyl(C=C).",CCC(COCC(C)COCC(C)COCC(C)COCC(C)COCC(C)COCC(C)N)(COCC(C)OCC(C)COCC(C)OCC(C)COCC(C)OCC(C)COCC(C)OCC(C)COCC(C)OCC(C)COCC(C)OCC(C)COCC(C)OCC(C)COCC(C)N)COC(=O)N,CCC(C=O)OCC(CC)(COC(=O)CCS)COC(=O)CCS,140.0,91.44826,80.0,28.672335,-48.55174255371094,-51.32766532897949
"Generate a TSMP with Tg = 140°C and Er = 80 MPa, using functional groups thiol(CCS) and vinyl(C=C).",Nc2ccc(Oc1ccc(N)cc1)cc2,C=C(C)C(=C)OCOCCOC(=O)C(=C)C,140.0,67.439285,80.0,28.843525,-72.56071472167969,-51.15647506713867
"Generate a TSMP with Tg = 140°C and Er = 80 MPa, using functional groups thiol(CCS) and vinyl(C=C).",NCCCOCCOCCOC(=O)COC(=O)CC(C)(C)C,C=C(C)C(=O)OCCOCCOCCOCCOCCOCCOCCOCCOC(=O)C(C)=O,140.0,99.77169,80.0,18.628098,-40.228309631347656,-61.37190246582031
"Generate a TSMP with Tg = 140°C and Er = 80 MPa, using functional groups thiol(CCS) and vinyl(C=C).",CCCC(=O)OCC(CC)(COC(=O)CCS)COC(=O)CCS,O=C(OCC1CO1)COC(=O)NCC2COCC2CC(=O)OCC1CO1,140.0,101.72905,80.0,27.215126,-38.27095031738281,-52.784873962402344
"Generate a TSMP with Tg = 140°C and Er = 80 MPa, using functional groups thiol(CCS) and vinyl(C=C).",C=C(C)C(=C)OCOCCOC(=O)C(=C)C,C=C(C)C(=C)OC(=O)CC(C)(C)C,140.0,67.560234,80.0,19.983057,-72.43976593017578,-60.01694297790527
"Generate a TSMP with Tg = 140°C and Er = 80 MPa, using functional groups thiol(CCS) and vinyl(C=C).",CCS,C=CCOCC(COCC=C)(COCC=C)COC(=O)NCC1(C)CC(NC(=O)OCC(COCC=C)(COCC=C)COCC=C)CC(C)(C)C1,140.0,63.63072,80.0,23.366089,-76.36928176879883,-56.6339111328125
"Propose two monomers that form a TSMP with Tg around 60°C, Er near 100 MPa, and containing vinyl(C=C) and vinyl(C=C) groups.",c1ccc3c(c1)c2ccccc2C3(c5ccc(OCCOCC4CO4)cc5)c7ccc(OCCOCC6CO6)cc7,O=c1n(CCS)c(=O)n(CCS)c(=O)n1CCS,60.0,192.4076,100.0,43.040424,132.4075927734375,-56.95957565307617
"Propose two monomers that form a TSMP with Tg around 60°C, Er near 100 MPa, and containing vinyl(C=C) and vinyl(C=C) groups.",O=c1ccc(=O)n1c4ccc(Cc3ccc(n2c(=O)ccc2=O)cc3)cc4,COCCOCCOCCOCCOCCOCCOCCOCCOCCOCCOCCOCCN,60.0,170.14072,100.0,30.400858,110.14071655273438,-69.59914207458496
"Propose two monomers that form a TSMP with Tg around 60°C, Er near 100 MPa, and containing vinyl(C=C) and vinyl(C=C) groups.",C=C(C)C(=O)OCCCC,C=C(C)C(=O)OCCOCCOCCOCCOCCOC(=O)C(=C)C,60.0,74.19149,100.0,17.328817,14.191490173339844,-82.67118263244629
"Propose two monomers that form a TSMP with Tg around 60°C, Er near 100 MPa, and containing vinyl(C=C) and vinyl(C=C) groups.",CC(C)(c4ccc(OCC(O)COc3ccc(C(C)(C)c2ccc(OCC1CO1)cc2)cc3)cc4)c6ccc(OCC5CO5)cc6,COCCOCCOCCOCCOCCOCCOCCOCCOCCOCCOCCOCCOCCOCCOCCOCCOCCOCCOCCOCCOCCOCCOCCOCCOCCOCCOCCOCCOCCOCCOCCOCCOCCOCCOCCOCCOCCOCCOCCOCCOCCOCC(C)OCC(C)OCC(C)OCC(C)OCC(C)OCC(C)OCC(C)OCC(C)OCC(C)OCC(C)N,60.0,314.24545,100.0,92.83841,254.24545288085938,-7.161590576171875
"Propose two monomers that form a TSMP with Tg around 60°C, Er near 100 MPa, and containing vinyl(C=C) and vinyl(C=C) groups.",O=c1ccc(=O)n1c4ccc(Cc3ccc(n2c(=O)ccc2=O)cc3)cc4,CCc1cc(C)c(N)c(CC)c1N,60.0,158.04688,100.0,27.14112,98.046875,-72.85887908935547
"Propose two monomers that form a TSMP with Tg around 100°C, Er near 100 MPa, and containing acrylate(C=C(C=O)) and vinyl(C=C) groups.",CC(COc3ccc(C(C)(C)c2ccc(OCC(C)OCC1CO1)cc2)cc3)OCC4CO4,C=C(C)C(=O)OCCOCCOCCOCCOCCOCCOCCOCCOCCOC(=O)C(=C)C,100.0,132.80415,100.0,28.915081,32.80415344238281,-71.08491897583008
"Propose two monomers that form a TSMP with Tg around 100°C, Er near 100 MPa, and containing acrylate(C=C(C=O)) and vinyl(C=C) groups.",CC(C)(c2ccc(OC1CO1)cc2)c4ccc(OC3CO3)cc4,C=CCc1ccccc1OCC(O)COC(=O)CCCCC(=O)OCC(O)COc2ccccc2CC=C,100.0,110.10931,100.0,31.824253,10.109306335449219,-68.17574691772461
"Propose two monomers that form a TSMP with Tg around 100°C, Er near 100 MPa, and containing acrylate(C=C(C=O)) and vinyl(C=C) groups.",c3cc(N(CC1CO1)CC2CO2)ccc3OCC4CO4,O=c1n(CCS)c(=O)n(CCS)c(=O)n1CCS,100.0,188.97696,100.0,54.698475,88.97695922851562,-45.3015251159668
"Propose two monomers that form a TSMP with Tg around 100°C, Er near 100 MPa, and containing acrylate(C=C(C=O)) and vinyl(C=C) groups.",O=c1ccc(=O)n1c4ccc(Cc3ccc(n2c(=O)ccc2=O)cc3)cc4,CC(N)COCC(C)COCC(C)COCC(C)COCC(C)COCC(C)COCC(C)N,100.0,97.54199,100.0,26.464167,-2.4580078125,-73.53583335876465
"Propose two monomers that form a TSMP with Tg around 100°C, Er near 100 MPa, and containing acrylate(C=C(C=O)) and vinyl(C=C) groups.",C=CCc1ccccc1OCC(O)COC(=O)CCCCC(=O)OCC(O)COc2ccccc2CC=C,C=C(C)C(=C)C(=O)OCCCC,100.0,75.14558,100.0,24.935904,-24.85442352294922,-75.06409645080566
"Generate a TSMP with Tg = 40°C and Er = 80 MPa, using functional groups epoxy(C1OC1) and imine(NC).",Nc2ccc(S(=O)(=O)c1ccc(N)cc1)cc2,OCCOCCOCCOCCOCCOCCOCCOCCOCCOCCOCCOCCOCCOCCOCCOCCOCCOCCOCCOCCOCC(C)N,40.0,203.71074,80.0,31.139637,163.7107391357422,-48.8603630065918
"Generate a TSMP with Tg = 40°C and Er = 80 MPa, using functional groups epoxy(C1OC1) and imine(NC).",CCCC(=O)OCC(CC)(COC(=O)CCS)COC(=O)CCS,O=C1CCCC=C1NC,40.0,104.11542,80.0,36.530357,64.11541748046875,-43.469642639160156
"Generate a TSMP with Tg = 40°C and Er = 80 MPa, using functional groups epoxy(C1OC1) and imine(NC).",C=CCn1c(=O)n(CC=C)c(=O)n(CC=C)c1=O,CC(N)COCC(C)OCC(C)OCC(C)OCCOCCOCCOCCOCCOCCOCCOCCOCCOCCOCCOCCOCC(C)OCC(C)OCC(C)N,40.0,183.96999,80.0,22.59303,143.96998596191406,-57.40696907043457
"Generate a TSMP with Tg = 40°C and Er = 80 MPa, using functional groups epoxy(C1OC1) and imine(NC).",CC(=O)OCCOCCOCCOCCOCCOCCOCCOCCOC(=O)C(C)=O,NCC(N)C(=O)OCCOCCOCCOCCOCCOCCOCCOCCOC(=O)N,40.0,153.98845,80.0,30.00055,113.98844909667969,-49.99945068359375
"Generate a TSMP with Tg = 40°C and Er = 80 MPa, using functional groups epoxy(C1OC1) and imine(NC).",CCCC(=O)OCC(CC)(COC(=O)CCS)COC(=O)CCS,NCCCOCCOCCCN,40.0,36.549747,80.0,15.513534,-3.4502525329589844,-64.48646640777588
"Generate a TSMP with Tg = 40°C and Er = 80 MPa, using functional groups epoxy(C1OC1) and imine(NC).",C=CCOCC(COCC=C)(COCC=C)COC(=O)NCC1(C)CC(NC(=O)OCC(COCC=C)(COCC=C)COCC=C)CC(C)(C)C1,NCc1ccc(CN)c(CN)c1,40.0,91.14044,80.0,26.08134,51.14044189453125,-53.91865921020508
"Generate a TSMP with Tg = 100°C and Er = 100 MPa, using functional groups vinyl(C=C) and hydroxyl(=O).",C=CCOC(CC)(CO)CO,C=COC(=O)CCCCCC(COC(=O)C=C)(COC(=O)C=C)COC(=O)C(=O)OCCn1c(=O)n(CCOC(=O)C=C)c(=O)n(CCOC(=O)C=C)c1=O,100.0,190.3879,100.0,57.16576,90.38789367675781,-42.8342399597168
"Generate a TSMP with Tg = 100°C and Er = 100 MPa, using functional groups vinyl(C=C) and hydroxyl(=O).",c3cc(N(CC1CO1)CC2CO2)ccc3OCC4CO4,N=CCn1c(=O)n(CC=C)c(=O)n(CC=C)c1=O,100.0,65.00561,100.0,25.866486,-34.99439239501953,-74.13351440429688
"Generate a TSMP with Tg = 100°C and Er = 100 MPa, using functional groups vinyl(C=C) and hydroxyl(=O).",C=CC(=O)OCCCC,COCCOCCOCCOCCOCCOCCOCCOCCOCCOCCOCCOCCOCCOCCOCCOCCOCCOCCOCCOCCOCCOCCOCCOCCOCCOCCOCCOCCOCCOCCOCCOCCOCCOCCOCCOCCOCCOCCOCCOCCOCCOC(=O)C(C)=O,100.0,266.72958,100.0,42.40154,166.72958374023438,-57.59846115112305
"Generate a TSMP with Tg = 150°C and Er = 200 MPa, using functional groups vinyl(C=C) and thiol(CCS).",C=Cc1ccccc1,CCC(CCS)COC(=O)CCCC,150.0,78.7811,200.0,25.932854,-71.21890258789062,-174.06714630126953
"Generate a TSMP with Tg = 150°C and Er = 200 MPa, using functional groups vinyl(C=C) and thiol(CCS).",c3cc(N(CC1CO1)CC2CO2)ccc3OCC4CO4,O=c1n(CCS)c(=O)n(CCS)c(=O)n1CCS,150.0,188.97696,200.0,54.698475,38.976959228515625,-145.3015251159668
"Generate a TSMP with Tg = 150°C and Er = 200 MPa, using functional groups vinyl(C=C) and thiol(CCS).",C=C(C)C(=O)OCCOCCOCCOCCOCCOCCOCCOCCOCCOCCOCCOCCOCCOCCOCCOCCOCCOC(=O)C(=C)C,C=CC(=O)OCCOCCOCCOCCOCCOC(=O)C(C)=O,150.0,133.15169,200.0,24.440905,-16.848312377929688,-175.55909538269043
"Generate a TSMP with Tg = 150°C and Er = 200 MPa, using functional groups vinyl(C=C) and thiol(CCS).",C=Cc1ccccc1,C#CS,150.0,96.365166,200.0,23.444843,-53.63483428955078,-176.55515670776367
"Propose two monomers that form a TSMP with Tg around 140°C, Er near 80 MPa, and containing thiol(CCS) and vinyl(C=C) groups.",CCC(COc3ccc(C(C)(C)c2ccc(OCC(C)OCC1CO1)cc2)cc3)OCC4CO4,CCCCCCCCCCCCN,140.0,83.88323,80.0,18.613602,-56.11676788330078,-61.38639831542969
"Propose two monomers that form a TSMP with Tg around 140°C, Er near 80 MPa, and containing thiol(CCS) and vinyl(C=C) groups.",C=CC(=O)OCCCCC(=O)OCC(C)(C)C,O=c1n(CCS)c(=O)n(CCS)c(=O)n1CCS,140.0,180.30609,80.0,41.521748,40.30609130859375,-38.47825241088867
"Propose two monomers that form a TSMP with Tg around 140°C, Er near 80 MPa, and containing thiol(CCS) and vinyl(C=C) groups.",CC(C/C=C\CCC(=O)OCC(O)COc3ccc(C(C)(C)c2ccc(OCC1CO1)cc2)cc3)C(=O)OCC(O)COc6ccc(C(C)(C)c5ccc(OCC4CO4)cc5)cc6,C=C(C)C(=O)OCCOCCOCCOCCOCCOCCOCCOCCOCCOC(=O)C(=C)C,140.0,91.89751,80.0,33.505245,-48.10249328613281,-46.494754791259766
"Propose two monomers that form a TSMP with Tg around 140°C, Er near 80 MPa, and containing thiol(CCS) and vinyl(C=C) groups.",CC(C)(c2ccc(OCC1CO1)cc2)c4ccc(OCC3CO3)cc4,C=C(CCS)OCCn1c(=O)n(CCOC(=O)CCS)c(=O)n(CCOC(=O)CCS)c1=O,140.0,144.27826,80.0,146.4432,4.27825927734375,66.44320678710938
"Propose two monomers that form a TSMP with Tg around 140°C, Er near 80 MPa, and containing thiol(CCS) and vinyl(C=C) groups.",CCS(c1ccc(CCS)cc1)OCC(COC(=O)CCS)(COC(=O)CCS)COC(=O)CCS,CCCCCCCCCCN,140.0,130.10275,80.0,19.270407,-9.897247314453125,-60.72959327697754
"Propose two monomers that form a TSMP with Tg around 140°C, Er near 80 MPa, and containing thiol(CCS) and vinyl(C=C) groups.",O=C(OCC1CO1)C3CC2OC2CC3C(=O)OCC4CO4,C=CC(=O)OCCCC,140.0,90.908,80.0,45.320896,-49.092002868652344,-34.67910385131836
Design a shape memory polymer with Tg ≈ 60°C and Er ≈ 100 MPa that includes vinyl(C=C) and vinyl(C=C) groups.,O=C(O)C(=C)C(=O)O,C=C(CCS)OCC(COC(=O)CCS)(COC(=O)CCS)COC(=O)CCSC(=O)NCC1(C)CC(NC(=O)OCC(COC(=O)CCS)(COC(=O)CCS)COC(=O)CCS)CC(C)(C)C1,60.0,95.39795,100.0,34.485134,35.39794921875,-65.51486587524414
Design a shape memory polymer with Tg ≈ 60°C and Er ≈ 100 MPa that includes vinyl(C=C) and vinyl(C=C) groups.,C=C(C)C(=O)OCCOCCOCCOCCOCCOCCOCCOCCOC(=O)C(=C)C,C=C(C)C(=O)OCCOCCOCCOC(=O)C(C)(C)C,60.0,107.866035,100.0,23.825777,47.86603546142578,-76.17422294616699
Design a shape memory polymer with Tg ≈ 60°C and Er ≈ 100 MPa that includes vinyl(C=C) and vinyl(C=C) groups.,C=C(C)C(=O)OCCOCCOCCOCCOCCOCCOCCOCCOC(=O)C(C)=O,C=CCC(=O)OCCCC,60.0,52.951756,100.0,16.774836,-7.048244476318359,-83.22516441345215
Design a shape memory polymer with Tg ≈ 60°C and Er ≈ 100 MPa that includes vinyl(C=C) and vinyl(C=C) groups.,C=CCOCC(CO)CO,C=C(C)C(=O)OCCOCCOCCOC(=O)C(=C)C,60.0,65.18107,100.0,22.999016,5.181068420410156,-77.00098419189453
Design a shape memory polymer with Tg ≈ 60°C and Er ≈ 100 MPa that includes vinyl(C=C) and vinyl(C=C) groups.,CC(C)(c4ccc(OCC(O)COc3ccc(C(C)(C)c2ccc(OCC1CO1)cc2)cc3)cc4)c6ccc(OCC5CO5)cc6,O=c1n(CCS)c(=O)n(CCS)c(=O)n1CCS,60.0,192.81215,100.0,43.553505,132.81214904785156,-56.446495056152344
"Propose two monomers that form a TSMP with Tg around 100°C, Er near 100 MPa, and containing acrylate(C=C(C=O)) and vinyl(C=C) groups.",CC(C)(c4ccc(OCC(O)COc3ccc(OCC(O)COc2ccc(C(C)(C)c1ccc(OCC1CO1)cc1)cc2)cc3)cc4)c6ccc(OCC(COCC(C)COCC(C)COCC(C)NCOCC(C)N)COCC(C)COCC(C)COCC(C)NCOCC(C)N)cc6,C=C(C)C(=O)OCCOCCOCCOCCOCCOCCOCCOCCOCCOCCOCCOCCOCCOCCOCCOCCOCCOCCOCCOCCOCCOCC(C)(C)C,100.0,108.47716,100.0,15.763818,8.477157592773438,-84.23618221282959
"Propose two monomers that form a TSMP with Tg around 100°C, Er near 100 MPa, and containing acrylate(C=C(C=O)) and vinyl(C=C) groups.",C=CCc1ccccc1OCC(O)COC(=O)CCCCC(=O)OCC(O)COc2ccccc2CC=C,C=CCc1ccccc1OCC(O)COc2ccccc2C(=O)OCC(C)OCC(C)N,100.0,102.660965,100.0,28.474396,2.6609649658203125,-71.52560424804688
"Propose two monomers that form a TSMP with Tg around 100°C, Er near 100 MPa, and containing acrylate(C=C(C=O)) and vinyl(C=C) groups.",C=C(C=O)OCCCCCCCC1OC1CCCCCCCC2OC2CCCCCCCC3OC3CCCCCCCC4OC4,COCCOCCOCCOCCOCCOCCOCCOCCOCCOCCOCCOCCOCCOCCOCCOCCOCCOCCOCCOCCOCCOCCOCCOCCOCCOCCOCCOCCOCCOCCOCCOCCOCCOCC(C)OCC(C)N,100.0,274.53815,100.0,76.68026,174.53814697265625,-23.319740295410156
"Propose two monomers that form a TSMP with Tg around 100°C, Er near 100 MPa, and containing acrylate(C=C(C=O)) and vinyl(C=C) groups.",C=C(C)C(=O)OCCOCCOCCOCCOCCOCCOCCOCCOCCOCCOC(=O)C(=C)C,O=c1n(CCC)c(=O)n(CCC)c(=O)n(CCC)c(=O)n(CCC)c1=O,100.0,112.42207,100.0,27.271132,12.422073364257812,-72.72886848449707
"Propose two monomers that form a TSMP with Tg around 100°C, Er near 100 MPa, and containing acrylate(C=C(C=O)) and vinyl(C=C) groups.",CCCCCCCCC1OC1CCCCCCCC(COC(=O)CCCCCCCC2OC2CC3OC3CC4OC4CC)OC(=O)CCCCCCCC5OC5CC6OC6CC7OC7CC,C=CCOCC(CO)(COCC=C)COCC=C,100.0,89.55272,100.0,20.521877,-10.447280883789062,-79.47812271118164
"Propose two monomers that form a TSMP with Tg around 100°C, Er near 100 MPa, and containing acrylate(C=C(C=O)) and vinyl(C=C) groups.",CCCCCCCCC1OC1CCCCCCCC(COC(=O)CCCCCCCC2OC2CC3OC3CC4OC4CC)OC(=O)CCCCCCCC5OC5CC6OC6CC7OC7CC,O=C(O)CCCCCCCC(=O)OCC(CC)(COC(=O)CCS)COC(=O)CCS,100.0,71.46754,100.0,22.065834,-28.53246307373047,-77.93416595458984
"Propose two monomers that form a TSMP with Tg around 100°C, Er near 100 MPa, and containing acrylate(C=C(C=O)) and vinyl(C=C) groups.",CC(=O)OCCOCCOCCOCCOCCOCCOCCOCCOCCOCCOCCOCCOCCOCCOCCOCCOCCOCCOCCOCCOC(=O)C(C)=O,C=CCOCC(COCC=C)(COCC=C)COC(=O)NCC1(C)CC(NC(=O)OCC(COCC=C)(COCC=C)COCC=C)CC(C)(C)C1,100.0,86.206276,100.0,25.676037,-13.793724060058594,-74.3239631652832
"Propose two monomers that form a TSMP with Tg around 100°C, Er near 100 MPa, and containing acrylate(C=C(C=O)) and vinyl(C=C) groups.",CCCCCCCCCCC1OC1CCCCCCCCCC2OC2CCCCCCCCCC3OC3C5CCCCCCCC4OC4CCCCCCCCCC3OC3C5CCCCCCCC2OC2C7CCCCCCCC1OC1C7CCCCCCC(=O)OCC(COC(=O)CCCCCC)(COC(=O)CCCCCC)COCC(COC(=O)CCCCCC)(COC(=O)CCCCCC)COCC(COC(=O)CCCCCC)(COC(=O)CCCCCC)COC(=O)CCCCCC,CCC(COC(=O)CCS)(COC(=O)CCS)COC(=O)CCS,100.0,213.03418,100.0,64.869896,113.0341796875,-35.130104064941406
"Propose two monomers that form a TSMP with Tg around 100°C, Er near 100 MPa, and containing acrylate(C=C(C=O)) and vinyl(C=C) groups.",CC1COCC1C(CCS)OCC(COCC(C)OCC(C)OCC(C)OCC(C)OCC(C)OCC(C)N)COCC(C)OCC(C)OCC(C)OCC(C)OCC(C)OCC(C)N,C=C(CCS)OCC(COC(=O)CCS)(COC(=O)CCS)COC(=O)CCSC(=O)NCC1(C)CC(NC(=O)OCC(COC(=O)CCS)(COC(=O)CCS)COC(=O)CCS)CC(C)(C)C1,100.0,112.177895,100.0,36.498837,12.177894592285156,-63.501163482666016
"Propose two monomers that form a TSMP with Tg around 100°C, Er near 100 MPa, and containing acrylate(C=C(C=O)) and vinyl(C=C) groups.",CCCCCCCCC1OC1CCCCCCCCC(=O)OCC(COC(=O)CCCCCCCCC(=O)OCC(COC(=O)CCCCCCCCC(=O)OCC(COC(=O)CCCCC)CCCCC)CCCCC)CCCCC,COCCOCCOCCOCCOCCOCCOCCOCCOCCOCCOCCOCCOCCOCCOCCOCC(C)OCC(C)OCC(C)OCC(C)OCC(C)N,100.0,244.74788,100.0,52.83868,144.7478790283203,-47.161319732666016
"Propose two monomers that form a TSMP with Tg around 40°C, Er near 80 MPa, and containing epoxy(C1OC1) and imine(NC) groups.",C1OC1,NCCCOCCOCCCN,40.0,55.944065,80.0,17.770288,15.94406509399414,-62.22971153259277
Design a shape memory polymer with Tg ≈ 100°C and Er ≈ 100 MPa that includes vinyl(C=C) and hydroxyl(=O) groups.,O=C(O)C(=C)OC(C)(C)C,COCCOCCOCCOCCOCCOCCOCCOC,100.0,124.74048,100.0,22.18403,24.740478515625,-77.81596946716309
Design a shape memory polymer with Tg ≈ 100°C and Er ≈ 100 MPa that includes vinyl(C=C) and hydroxyl(=O) groups.,C=C(c1ccc(OC1CO1)cc1)c3ccc(OC2CO2)cc3,CC(=O)OCCOCCOCCOCCOCCOCCOCCOCCOCCOCCOC(=O)C(=C)COC(=O)C(=O)COC(=O)COC(=O)COC(=O)COC1CO1,100.0,158.99738,100.0,26.585394,58.99737548828125,-73.41460609436035
Design a shape memory polymer with Tg ≈ 100°C and Er ≈ 100 MPa that includes vinyl(C=C) and hydroxyl(=O) groups.,C=C(C)C(=O)OCCOCCOCCOCCOCCOCCOCCOCCOCCOCCOCCOCCOCCOCCOCCOCCOCCOCCOCCOCCOC(=O)C(=C)C,O=C(OCC1CO1)C3CC2OC2CC3C(=O)OCC4CO4,100.0,119.217064,100.0,39.338486,19.217063903808594,-60.66151428222656
"Generate a TSMP with Tg = 150°C and Er = 200 MPa, using functional groups vinyl(C=C) and thiol(CCS).",C=C(C)C(=O)OCC(O)COc2ccc(C(C)(C)c1ccc(OCC(O)COC(=O)C(=C)C)cc1)cc2,O=CCOCC(OCCOCCOCCOCCOCCOCCOCCOCCOCCOCCOCCOCCOCCOC(=O)C/C=C/C=O)COC(=O)CCOCCCO,150.0,156.01553,200.0,33.64643,6.015533447265625,-166.35356903076172
"Generate a TSMP with Tg = 150°C and Er = 200 MPa, using functional groups vinyl(C=C) and thiol(CCS).",C=C(C)C(=O)OCC(O)COc3ccc(C(C)(C)c2ccc(OCC1CO1)cc2)cc3,C=C(CCS),150.0,64.73388,200.0,33.544533,-85.26612091064453,-166.4554672241211
"Generate a TSMP with Tg = 150°C and Er = 200 MPa, using functional groups vinyl(C=C) and thiol(CCS).",CC(=O)OCCOCCOCCOCCOCCOCCOCCOCCOCCOC(=O)C(C)=O,CCS=CCCCCS,150.0,88.17712,200.0,24.412088,-61.82288360595703,-175.58791160583496
"Generate a TSMP with Tg = 150°C and Er = 200 MPa, using functional groups vinyl(C=C) and thiol(CCS).",CCCC(=O)OCC(CC)(COC(=O)CCCS)COC(=O)CCCS,O=c1n(CCS)c(=O)n(CCS)c(=O)n1CCS,150.0,173.09308,200.0,39.146996,23.09307861328125,-160.8530044555664
"Generate a TSMP with Tg = 150°C and Er = 200 MPa, using functional groups vinyl(C=C) and thiol(CCS).",CCCC(=O)OCC(CC)(C)OC(=O)CCCC,O=c1n(CCS)c(=O)n(CCS)c(=O)n1CCS,150.0,171.3435,200.0,49.093018,21.343505859375,-150.906982421875
"Generate a TSMP with Tg = 150°C and Er = 200 MPa, using functional groups vinyl(C=C) and thiol(CCS).",C=C(C)C(=O)OCC(C)C(CO)(CO)COCC(C)C(CO)(CO)COCC(C)OCC(C)C1(C)C(=O)OCC(C)OCC(C)C1,CCCC(=O)OCC(CC)(COC(=O)CCS)COC(=O)CCS,150.0,77.98746,200.0,58.215412,-72.01254272460938,-141.78458786010742
"Suggest a TSMP system that satisfies Tg = 140°C and Er = 80 MPa, incorporating thiol(CCS) and vinyl(C=C) functionalities.",C=C(CCS),NCCNCCN,140.0,174.00812,80.0,63.18185,34.00811767578125,-16.81814956665039
"Suggest a TSMP system that satisfies Tg = 140°C and Er = 80 MPa, incorporating thiol(CCS) and vinyl(C=C) functionalities.",CCCC(=O)OCCCC(COC(=O)CCCCCCCCCC)COC(=O)CCCCCCCCCC,CCC(COC(=O)CCS)(COC(=O)CCS)COC(=O)CCS,140.0,103.53196,80.0,18.001411,-36.468040466308594,-61.99858856201172
"Suggest a TSMP system that satisfies Tg = 140°C and Er = 80 MPa, incorporating thiol(CCS) and vinyl(C=C) functionalities.",C=C(C)C(=C)OCOCCOC(=O)C(C)=O,OCOCCOCCOCCOCCOCCOCCOCCOC(C)(C)OCCOCCOCCOCCOCCOCCOCCOCCOC(C)(C)OCCOCCOCCOCCOCCOCCOCCOCCOCC(O)C(C)=O,140.0,212.26071,80.0,25.947823,72.26071166992188,-54.05217742919922
"Suggest a TSMP system that satisfies Tg = 60°C and Er = 100 MPa, incorporating vinyl(C=C) and vinyl(C=C) functionalities.",C=C(C)C(=C)OCOCCCC,C=C(c1ccccc1)OC,60.0,69.71578,100.0,12.905484,9.715782165527344,-87.09451580047607
"Suggest a TSMP system that satisfies Tg = 60°C and Er = 100 MPa, incorporating vinyl(C=C) and vinyl(C=C) functionalities.",C=C(C)C(=O)OCCCC,C=C(C)C(=O)CCCCC(=O)OCC(C)(C)C,60.0,56.789867,100.0,17.78947,-3.210132598876953,-82.21052932739258
"Suggest a TSMP system that satisfies Tg = 60°C and Er = 100 MPa, incorporating vinyl(C=C) and vinyl(C=C) functionalities.",CC(C)(C4CCC(OCC(O)COC3CCC(C(C)(C)C2CCC(OCC1CO1)CC2)CC3)CC4)C6CCC(OCC5CO5)CC6,C=C(C)C(=O)OCCCC,60.0,90.18555,100.0,32.69213,30.185546875,-67.30786895751953
"Suggest a TSMP system that satisfies Tg = 60°C and Er = 100 MPa, incorporating vinyl(C=C) and vinyl(C=C) functionalities.",C=CCOCC(O)COc3ccc(C(C)(C)c2ccc(OCC(C)(C)CCOCC1CO1)cc2)cc3,C=CC(=O)OCCn1c(=O)n(CCOC(=O)C=C)c(=O)n(CCOC(=O)C=C)c1=O,60.0,204.49152,100.0,266.96463,144.49151611328125,166.96463012695312
"Suggest a TSMP system that satisfies Tg = 60°C and Er = 100 MPa, incorporating vinyl(C=C) and vinyl(C=C) functionalities.",O=C(OC)COCCOC(=O)COC(=O)COC(=O)COC(=O)COC(=C)C,CC(C)(C)N,60.0,126.77104,100.0,31.100094,66.77104187011719,-68.89990615844727
"Suggest a TSMP system that satisfies Tg = 60°C and Er = 100 MPa, incorporating vinyl(C=C) and vinyl(C=C) functionalities.",c3cc(N(CC1CO1)CC2CO2)ccc3OCC4CO4,C=C(C)C(=O)OC,60.0,111.78956,100.0,53.13211,51.78955841064453,-46.867889404296875
"Suggest a TSMP system that satisfies Tg = 60°C and Er = 100 MPa, incorporating vinyl(C=C) and vinyl(C=C) functionalities.",C#CCc1ccccc1OCC(O)COC(=O)CCCCC(=O)OCC(O)COc2ccccc2CC=C,O=c1ccc(=O)n1c4ccc(Cc3ccc(n2c(=O)ccc2=O)cc3)cc4,60.0,174.87157,100.0,40.574448,114.87156677246094,-59.42555236816406
"Suggest a TSMP system that satisfies Tg = 60°C and Er = 100 MPa, incorporating vinyl(C=C) and vinyl(C=C) functionalities.",C=C(C)C(=O)OCCCC,C=C,60.0,57.36027,100.0,15.197827,-2.639728546142578,-84.80217266082764
"Create a thermoset polymer with Tg = 100°C, Er = 100 MPa, and monomers featuring acrylate(C=C(C=O)) and vinyl(C=C) groups.",CC(=O)OCC(O)COc2ccc(C(C)(C)c1ccc(OCC(O)COC(=O)C=C)cc1)cc2,NCCOCCOC(=O)CCCCOC(=O)CCN,100.0,72.3552,100.0,28.48358,-27.644798278808594,-71.51642036437988
"Create a thermoset polymer with Tg = 100°C, Er = 100 MPa, and monomers featuring acrylate(C=C(C=O)) and vinyl(C=C) groups.",C=C(C)C(=O)OCCOCCOCCOCCOCCOC(=O)C(C)=O,C#CCc1ccccc1OCC(O)CCCC,100.0,76.41377,100.0,23.50922,-23.586227416992188,-76.49077987670898
"Create a thermoset polymer with Tg = 100°C, Er = 100 MPa, and monomers featuring acrylate(C=C(C=O)) and vinyl(C=C) groups.",C=C(C)C(=O)OCCOCCOCCOCCOCCOCCOCCOCCOCCOCCOCCOCCOC(=O)C(=C)C,C(=O)Nc2ccc(C(C)(C)c1ccc(OCC(O)COC(=O)C=C)cc1)cc2,100.0,118.31665,100.0,12.313037,18.316650390625,-87.68696308135986
"Create a thermoset polymer with Tg = 100°C, Er = 100 MPa, and monomers featuring acrylate(C=C(C=O)) and vinyl(C=C) groups.",C=C(C)C(=C)OCOCCOC(=O)CC(=C)C,C=CCS,100.0,99.29081,100.0,16.349243,-0.7091903686523438,-83.6507568359375
Suggest a polymer system for Tg ≈ 60°C and Er ≈ 100 MPa.,C=CCc4ccc(OCC1CO1)c(c2cc(CC=C)ccc2OCC3CO3)c4,C=C(C)C(=O)OCCOCCOCCOCCOCCOC(=O)C(C)=O,60.0,87.93021,100.0,30.169333,27.930206298828125,-69.83066749572754
Design a TSMP with a glass transition temperature of 100°C and an elastic recovery of 100 MPa.,C=C(C)C(=O)OCCOCCOCCOCCOCCOCCOCCOCCOCCOC(=O)C(C)=O,C=C(CCS)OCC(COC(=O)CCS)(COC(=O)CCS)COC(=O)CCSC(=O)NCC1(C)CC(NC(=O)SCCC(=O)OCC(COC(=O)CCS)(COC(=O)CCS)COC(=O)CCS)CC(C)(C)C1,100.0,94.905785,100.0,30.202734,-5.094215393066406,-69.79726600646973
Create a thermoset polymer with Tg around 40°C and Er near 80 MPa.,C=C(C)C(=O)OCCOCCOCCOCCOCCOCCOCCOCCOCCOCCOCCOCCOCCOCCOCCOCCOCCOCCOCCOCCOC(=O)C(=C)C,C=C(C)C(=O)OCCOCCOCCOCCOCCOCCOCCOCCOCCOC(=O)C(C)=O,40.0,163.7082,80.0,28.723682,123.70820617675781,-51.27631759643555
Propose two monomers that form a TSMP with Tg = 100°C and Er = 100 MPa.,CC(=O)OCCOCCOCCOCCOCCOCCOCCOCCOCCOC(=O)C(C)=O,CC(=O)OCCOCCOCCOCCOCCOCCOCCOCCOCCOCCOC(=O)C(C)=O,100.0,141.6245,100.0,27.367805,41.62449645996094,-72.63219451904297
Propose two monomers that form a TSMP with Tg = 100°C and Er = 100 MPa.,C=C(C)C(=O)OCCOCCOCCOCCOCCOCCOCCOCCOC(=O)C(C)=O,C=CCc1ccccc1OCCOCCOCCOCCOCCOCCOCCOCCOCCOCCOCCOCCOCCOCCOCCOCCOCCOCCOCCOCCOCCOCCOCCOCCOCCOCCOCCOCCOCCOCCOCCOCCOCCOCCOCCOCCOCCOCC(C)OCC(C)OCC(C)OCC(C)OCC(C)OCC(C)N,100.0,274.9201,100.0,38.070107,174.92010498046875,-61.929893493652344
Propose two monomers that form a TSMP with Tg = 100°C and Er = 100 MPa.,CC(C)(c2ccc(OCC1CO1)cc2)c4ccc(OCC3CO3)cc4,CCCC(=O)OCC(CC)(COC(=O)CCS)COC(=O)CCS,100.0,61.04996,100.0,30.736713,-38.95003890991211,-69.26328659057617
Design a TSMP with a glass transition temperature of 150°C and an elastic recovery of 200 MPa.,C=C(C)C(=O)OCCOCCOCCOCCOCCOCCOCCOCCOC(=O)C(=C)C,C=C(C)C(=O)OCCOCCOCCOCCOCCOCCOCCOCCOCCOCCOCCOCCOC(=O)C(C)=O,150.0,164.64465,200.0,28.2537,14.6446533203125,-171.74629974365234
Generate a thermoset shape memory polymer with Tg = 140°C and Er = 80 MPa.,CCCCCCCCC1OC1CCCCCCCC(=O)OCC(COC(=O)CCCCCCCC2OC2CC3OC3CC4OC4CC)OC(=O)CCCCCCCC5OC5CC6OC6CC7OC7CC,CC(=O)OCCOCCOCCOCCOCCOCCOCCOCCOCCOCCOC(=O)C(C)=O,140.0,134.47086,80.0,31.05518,-5.529144287109375,-48.944820404052734
Generate a thermoset shape memory polymer with Tg = 100°C and Er = 100 MPa.,Nc2ccc(SSc1ccc(N)cc1)cc2,CC(N)COCC(C)OCC(C)OCC(C)OCC(C)OCC(C)OCC(C)OCCOCCOCCOCCOCCOCCOCCOCCOCCOCCOCCOCCOCCOCCOCCOCCOCCOCCOCCOCCOCCOCCOCCOCCOCCOCCOCCOCCOCC(C)OCC(C)OCC(C)OCC(C)OCC(C)N,100.0,296.41995,100.0,51.11447,196.41995239257812,-48.885528564453125
Generate a thermoset shape memory polymer with Tg = 150°C and Er = 200 MPa.,Nc2ccc(S(=O)(=O)c1ccc(N)cc1)cc2,COCCOCCOCCOCCOCCOCCOCCOCCOCCOCCOCCOCCOCCOCCOCCOCCOCCOCCOCCOCCOCCOCCOCCOCCOCCOCCOCCOCCOCCOCCOCCOCCOCCOCCOCCOCCOCCOCC(C)OCC(C)OCC(C)OCC(C)OCC(C)OCC(C)N,150.0,308.8691,200.0,53.84312,158.86911010742188,-146.15687942504883
Propose two monomers that form a TSMP with Tg = 140°C and Er = 80 MPa.,C=CC(=O)OCCCC,C=COC(=O)CCCC(=O)OCC=C,140.0,101.26619,80.0,22.98486,-38.73381042480469,-57.015140533447266
Propose two monomers that form a TSMP with Tg = 140°C and Er = 80 MPa.,c3cc(N(CC1CC1)CC2CO2)ccc3OCC4CO4,O=c1n(CCS)c(=O)n(CCS)c(=O)n1CCS,140.0,200.64093,80.0,57.796432,60.64093017578125,-22.203567504882812
Propose two monomers that form a TSMP with Tg = 140°C and Er = 80 MPa.,C=C(C)C(=O)OCCCC,C=CC(=O)OCCOCCOCCOCCOCCOCCOCCOCCOCCOC(=O)C(=C)C,140.0,91.0186,80.0,16.649683,-48.98139953613281,-63.35031700134277
Suggest a polymer system for Tg ≈ 60°C and Er ≈ 100 MPa.,C=CCc4ccc(OCC1CO1)c(c2cc(CC=C)ccc2OCC3CO3)c4,CC(=O)OCCOCCOCCOCCOCCOCCOCCOCCOCCOCCOC(=O)C(C)=O,60.0,155.63979,100.0,29.383068,95.63978576660156,-70.6169319152832
Suggest a polymer system for Tg ≈ 60°C and Er ≈ 100 MPa.,C=C(C)C(=O)OCCCC,C=C(C)C(=O)OC=O,60.0,78.82914,100.0,16.628916,18.829139709472656,-83.37108421325684
Suggest a polymer system for Tg ≈ 60°C and Er ≈ 100 MPa.,C=Cc1cccc(C=C)c1,O=C(O)CCCCC(=O)O,60.0,50.154774,100.0,15.591737,-9.845226287841797,-84.40826320648193
Generate a thermoset shape memory polymer with Tg = 100°C and Er = 100 MPa.,CCCCCCCCC1OC1CCCCCCCC(=O)OCC(COC(=O)CCCCCCCC2OC2CC3OC3CC4OC4CC)OC(=O)CCCCCCCC5OC5CC6OC6CC7OC7CC,CCC(COC(=O)CCS)(COC(=O)CCS)COC(=O)CCS,100.0,73.580696,100.0,31.963058,-26.41930389404297,-68.03694152832031
Generate a thermoset shape memory polymer with Tg = 100°C and Er = 100 MPa.,O=c1ccc(=O)n1c4ccc(Cc3ccc(n2c(=O)ccc2=O)cc3)cc4,COCC(C)OCC(C)OCC(C)N,100.0,114.70718,100.0,35.460285,14.707176208496094,-64.53971481323242
Suggest a polymer system for Tg ≈ 40°C and Er ≈ 80 MPa.,CCC(COC(=O)CCS)(COC(=O)CCS)COC(=O)CCS,CCC(COCC(C)OCC(C)OCC(C)OCC(C)OCC(C)OCC(C)N)(COCC(C)OCC(C)OCC(C)OCC(C)OCC(C)OCC(C)N)CCC,40.0,45.413464,80.0,37.3866,5.413463592529297,-42.613399505615234
Suggest a polymer system for Tg ≈ 40°C and Er ≈ 80 MPa.,CC(COc3ccc(C(C)(C)c2ccc(OCC(C)OCC1CO1)cc2)cc3)OCC4CO4,CC(=O)OCCOCCOCCOCCOCCOCCOCCOCCOCCOCCOC(=O)C(C)=O,40.0,162.24109,80.0,28.717812,122.2410888671875,-51.282188415527344
Suggest a polymer system for Tg ≈ 40°C and Er ≈ 80 MPa.,CC(=O)OCCOCCOCCOCCOCCOCCOCCOCCOCCOC(=O)C(C)=O,C=C(CCS)OCCn1c(=O)n(CCOC(=O)CCS)c(=O)n(CCOC(=O)CCS)c1=O,40.0,80.444305,80.0,36.847248,40.444305419921875,-43.15275192260742
Suggest a polymer system for Tg ≈ 40°C and Er ≈ 80 MPa.,Nc2cccc(S(=O)(=O)c1cccc(N)c1)c2,NCc1cc(CN)c(N)c(CN)c1N,40.0,177.10034,80.0,31.080368,137.100341796875,-48.91963195800781
Suggest a polymer system for Tg ≈ 40°C and Er ≈ 80 MPa.,CC(N)COCC(C)COCC(C)COCC(C)COCC(C)COCC(C)COCC(C)N,CC(COCC(C)OCC(C)N)(COCC(C)OCC(C)N)COCC(C)OCC(C)N,40.0,45.516445,80.0,17.87235,5.516445159912109,-62.12764930725098
Suggest a polymer system for Tg ≈ 40°C and Er ≈ 80 MPa.,C(C)(N(CC)CC)C(=O)OCCOCCOCCOCCOCCOCCOCCOCCOC(=O)C(C)(C)C,CCCCCCCCCN,40.0,68.80932,80.0,19.288544,28.80931854248047,-60.711456298828125
Suggest a polymer system for Tg ≈ 40°C and Er ≈ 80 MPa.,CC(C/C=C\CC(=O)OCC(O)COc3ccc(C(C)(C)c2ccc(COC(=O)CC(=O)OCC1CO1)cc2)cc3)OCC(O)COc6ccc(C(C)(C)c5ccc(OCC4CO4)cc5)cc6,CCC(COC(=O)CCS)(COC(=O)CCS)COC(=O)CCS,40.0,100.761955,80.0,60.741657,60.76195526123047,-19.258342742919922
Suggest a polymer system for Tg ≈ 40°C and Er ≈ 80 MPa.,C=CCN(C)COCC(C)(COCC(C)(CO)CO)COC(=O)N,C1OC1C,40.0,124.50584,80.0,31.87205,84.5058364868164,-48.12795066833496
Propose two monomers that form a TSMP with Tg = 100°C and Er = 100 MPa.,c1ccc3c(c1)c2ccccc2C3(c5ccc(OCCOCC4CO4)cc5)c7ccc(OCCOCC6CO6)cc7,O=c1n(CCS)c(=O)n(CCS)c(=O)n1CCS,100.0,192.4076,100.0,43.040424,92.4075927734375,-56.95957565307617
Propose two monomers that form a TSMP with Tg = 100°C and Er = 100 MPa.,CC(C)(c4ccc(OCC(O)COc3ccc(C(C)(C)c2ccc(OCC1CO1)cc2)cc3)cc4)c6ccc(OCC5CO5)cc6,C=COC(=O)CCCCCC(C)(C)C,100.0,85.9876,100.0,27.689138,-14.012397766113281,-72.31086158752441
Propose two monomers that form a TSMP with Tg = 100°C and Er = 100 MPa.,O=C(OCC1CO1)C3CC2OC2CC3C(=O)OCC4CO4,C=C(C)C(=O)OCCOCCOCCOCCOCCOCCOCCOCCOCCOC(=O)C(=C)C,100.0,113.81245,100.0,43.153404,13.812446594238281,-56.846595764160156
Propose two monomers that form a TSMP with Tg = 100°C and Er = 100 MPa.,C=CC(=O)OCCCC,CC(=O)OCCOCCOCCOCCOCCOC(=O)C(C)=O,100.0,88.28601,100.0,19.496103,-11.7139892578125,-80.50389671325684
Design a TSMP with a glass transition temperature of 150°C and an elastic recovery of 200 MPa.,C=COC(=O)CCCCCC(C)(C)C,CCC(COC(=O)CCSC)(COC(=O)CCSC)COC(=O)CCSC,150.0,77.257706,200.0,21.823828,-72.74229431152344,-178.17617225646973
Design a TSMP with a glass transition temperature of 150°C and an elastic recovery of 200 MPa.,Nc2ccc(Oc1ccc(N)cc1)cc2,O=C(OCC)COC(=O)NCC,150.0,130.69162,200.0,36.27573,-19.308380126953125,-163.72426986694336
Design a TSMP with a glass transition temperature of 150°C and an elastic recovery of 200 MPa.,C=C(C)C(=O)OCCOCCOCCOCCOCCOCCOCCOCCOC(=O)C(=C)C,CCC(COCC(C)OCC(C)N)(COCC(C)OCC(C)N)COCC(C)OCC(C)N,150.0,56.139996,200.0,23.940578,-93.86000442504883,-176.05942153930664
Design a TSMP with a glass transition temperature of 150°C and an elastic recovery of 200 MPa.,C=CC(C)(CO)CO,C=CCc1ccccc1OCC(O)COC(=O)CCCCC(=O)OCC(O)COc2ccccc2CC=C,150.0,92.21287,200.0,24.419777,-57.787132263183594,-175.5802230834961
Propose two monomers that form a TSMP with Tg = 140°C and Er = 80 MPa.,Nc2ccc(S(=O)(=O)c1ccc(N)cc1)cc2,C=C(C)C(=O)OCCOCCOCCOCCOCCOCCOCCOCCOCCOC(=O)C(=C)C,140.0,204.43475,80.0,29.681875,64.43475341796875,-50.318124771118164
Propose two monomers that form a TSMP with Tg = 140°C and Er = 80 MPa.,C=C(C)C(=O)OC,C=C(C)C(=O)OCCOCCOCCOCCOCCOCCOCCOCCOCCOCCOC(=O)C(=C)C,140.0,117.146484,80.0,22.717989,-22.853515625,-57.28201103210449
Suggest a polymer system for Tg ≈ 60°C and Er ≈ 100 MPa.,C=Cc1ccccc1,O=C(O)C\CC(=O)OCCn1c(=O)n(CCOC(=O)C=C)c(=O)n(CCOC(=O)C=C)c1=O,60.0,158.31853,100.0,43.69724,98.31852722167969,-56.30276107788086
Suggest a polymer system for Tg ≈ 60°C and Er ≈ 100 MPa.,CCCC(=O)OCC(CC)(COC(=O)CCS)COC(=O)CCS,O=c1oc(=O)n1c4ccc(Cc3ccc(n2c(=O)ccc2=O)cc3)cc4,60.0,70.53098,100.0,145.26352,10.530982971191406,45.263519287109375
Suggest a polymer system for Tg ≈ 60°C and Er ≈ 100 MPa.,O=C(OCC1CO1)C3CC2OC2CC3C(=O)OCC4CO4,O=CCOCCOCCOCCOCCOCCOCCOCCOCCOCCOCCOCCOCCOCCOCCOCCOCCOC(=O)N,60.0,182.32947,100.0,49.90337,122.3294677734375,-50.09663009643555
Suggest a polymer system for Tg ≈ 60°C and Er ≈ 100 MPa.,C=CCOCCn1c(=O)n(CCOC=C)c(=O)n(CCOC=C)c1=O,CC(N)COCC(C)OCC(C)OCC(C)OCC(C)OCC(C)OCC(C)OCCOCCOCCOCCOCCOCCOCCOCCOCCOCCOCCOCCOCCOCCOCCOCCOCCOCCOCCOCCOCCOCCOCCOCCOCCOCCOCCOCCOCC(C)OCC(C)OCC(C)OCC(C)OCC(C)N,60.0,243.92165,100.0,74.52997,183.92164611816406,-25.47003173828125
Design a TSMP with a glass transition temperature of 100°C and an elastic recovery of 100 MPa.,CC(=O)OCCOCCOCCOCCOCCOCCOCCOCCOC(=O)C(C)=O,C=C(C)C(=O)OCCOCCOCCOC(=O)C(=C)C,100.0,112.21292,100.0,27.055546,12.212921142578125,-72.94445419311523
Design a TSMP with a glass transition temperature of 100°C and an elastic recovery of 100 MPa.,C1OC1COC3COC4C(OC2CO2)COC34,CC(=O)OCCOCCOCCOCCOCCOCCOCCOCCOC(=O)C(C)C,100.0,80.39268,100.0,35.771214,-19.607322692871094,-64.22878646850586
Design a TSMP with a glass transition temperature of 100°C and an elastic recovery of 100 MPa.,O=C(OCC1CO1)C3CC2OC2CC3C(=O)OCC4CO4,C=C(C)C(=O)OCCOCCOCCOC(=O)C(=C)C,100.0,105.83484,100.0,39.775837,5.8348388671875,-60.22416305541992
Design a TSMP with a glass transition temperature of 100°C and an elastic recovery of 100 MPa.,C=C(C)C(=O)OCCOCCOCCOC(=O)C(=C)C,CCCCCCCCCCCCN,100.0,64.87311,100.0,14.414508,-35.12689208984375,-85.58549213409424
Design a TSMP with a glass transition temperature of 100°C and an elastic recovery of 100 MPa.,N=CC(=O)OCCOCCOCCOCCOCCOCCOCCOCCOC(=O)C(=O)N,C=C(C)C(=O)OCCOCCOCCOC(=O)C(=C)C,100.0,92.06543,100.0,26.90812,-7.9345703125,-73.09188079833984
Design a TSMP with a glass transition temperature of 100°C and an elastic recovery of 100 MPa.,C=C(CCS)OCCn1c(=O)n(CCOC(=O)CCS)c(=O)n(CCOC(=O)CCS)c1=O,C=C(CCS)OCC(COC(=O)CCS)(COC(=O)CCS)COC(=O)CCSC(=O)NCC1(C)CC(NC(=O)SCCC(=O)OCC(COC(=O)CCS)(COC(=O)CCS)COC(=O)CCS)CC(C)(C)C1,100.0,80.40259,100.0,37.46272,-19.597412109375,-62.53728103637695
Design a TSMP with a glass transition temperature of 100°C and an elastic recovery of 100 MPa.,CC(C)(c2ccc(OCCOCCOCCOC1CO1)cc2)c4ccc(OCCOCCOCCC3CO3)cc4,O=c1n(CCS)c(=O)n(CCS)c(=O)n1CCS,100.0,197.0945,100.0,38.196953,97.09449768066406,-61.80304718017578
Design a TSMP with a glass transition temperature of 100°C and an elastic recovery of 100 MPa.,CC(C)(C4CCC(OCC(O)COC3CCC(C(C)(C)C2CCC(OCC1CO1)CC2)CC3)CC4)C6CCC(OCC5CO5)C6,CCCCCCCCCCCCN,100.0,112.94679,100.0,21.452982,12.946792602539062,-78.54701805114746
Suggest a polymer system for Tg ≈ 40°C and Er ≈ 80 MPa.,C=CCOC(CC)(CO)CO,OCCCC,40.0,72.465675,80.0,12.581901,32.465675354003906,-67.41809940338135
Suggest a polymer system for Tg ≈ 40°C and Er ≈ 80 MPa.,C=C(C)C(=O)OCCOCCOCCOCCOCCOCCOC(=O)C(O)C(C)=O,C=C(C)C(=O)N,40.0,134.42572,80.0,39.40642,94.42572021484375,-40.59357833862305
Suggest a polymer system for Tg ≈ 40°C and Er ≈ 80 MPa.,c2ccc(OCC1CO1)cc2C(=O)O,CCCC(=O)OCCCC(C)(C)C,40.0,59.802006,80.0,139.00603,19.802005767822266,59.00602722167969
Suggest a polymer system for Tg ≈ 40°C and Er ≈ 80 MPa.,CC(C/C=C\CC(=O)OCC(O)COc3ccc(C(C)(C)c2ccc(OCC1CO1)cc2)cc3)C(=O)OCC(O)COc6ccc(C(C)(C)c5ccc(OCC4CO4)cc5)cc6,O=c1n(CCS)c(=O)n(CCS)c(=O)n1CCS,40.0,198.00053,80.0,45.302593,158.0005340576172,-34.69740676879883
Generate a thermoset shape memory polymer with Tg = 100°C and Er = 100 MPa.,CCCCCCCCCCCCCCCN,CCCC(=O)OCC(COC(=O)CCS)(COC(=O)CCS)COC(=O)CCSC,100.0,66.14913,100.0,19.340422,-33.850868225097656,-80.65957832336426
Generate a thermoset shape memory polymer with Tg = 100°C and Er = 100 MPa.,CC(C)(c2ccc(OC1CO1)cc2)c4ccc(OC3CO3)cc4,COCC(O)COCCOCCOCCOCCOCCOCCOCCOCCOC(=O)C,100.0,159.25539,100.0,37.912357,59.25538635253906,-62.087642669677734
Generate a thermoset shape memory polymer with Tg = 100°C and Er = 100 MPa.,CC(=O)OCCOCCOCCOCCOCCOCCOCCOCCOC(=O)C(C)=O,CCc1ccccc1,100.0,77.15411,100.0,20.640371,-22.84588623046875,-79.35962867736816
Generate a thermoset shape memory polymer with Tg = 100°C and Er = 100 MPa.,CC(C)(c2ccc(OC1CO1)cc2)c4ccc(OC3CO3)cc4,COCCOCCOCCOCCOC(=O)C,100.0,99.44192,100.0,28.100979,-0.5580825805664062,-71.89902114868164
Generate a thermoset shape memory polymer with Tg = 100°C and Er = 100 MPa.,CC(C)(c4ccc(OCC(O)COc3ccc(C(C)(C)c2ccc(OCC1CO1)cc2)cc3)cc4)c6ccc(OCC5CO5)cc6,CCCOC(CC)(CO)CO,100.0,108.002914,100.0,52.43375,8.002914428710938,-47.56624984741211
Create a thermoset polymer with Tg around 150°C and Er near 200 MPa.,c2cc(OCC1CO1)ccc2Cc4ccc(OCC3CO3)cc4,O=C1CC(=O)O1,150.0,99.3449,200.0,175.71214,-50.65509796142578,-24.287857055664062
Create a thermoset polymer with Tg around 150°C and Er near 200 MPa.,c3cc(N(CC1CO1)CC2CO2)ccc3OCC4CO4,CONc2ccc(c1ccc(N)cc1)cc2,150.0,139.65076,200.0,40.3854,-10.3492431640625,-159.6146011352539
Create a thermoset polymer with Tg around 150°C and Er near 200 MPa.,c1ccc3c(c1)c2ccccc2C3(c5ccc(OCCOCC4CO4)cc5)c7ccc(OCCOCC6CO6)cc7,CCCC(=O)OCC(CC)(COC(=O)CCS)COC(=O)CCS,150.0,73.71002,200.0,26.54244,-76.28997802734375,-173.4575595855713
Create a thermoset polymer with Tg around 150°C and Er near 200 MPa.,CCCCCCCCC1OC1CCCCCCCC(=O)OCCCOCCCOCCCOCCCOCCCOCCCOCCCOCCCOCCCOCCCOCCCN,CCCC(=O)OCCCC,150.0,61.111595,200.0,15.582244,-88.8884048461914,-184.41775608062744
Create a thermoset polymer with Tg around 150°C and Er near 200 MPa.,O=C(OCC1CO1)C3CC2OC2CC3C(=O)OCC4CO4,CCCCCCCCCCCN,150.0,77.9721,200.0,18.673038,-72.02790069580078,-181.32696151733398
Create a thermoset polymer with Tg around 150°C and Er near 200 MPa.,C=C(C)C(=O)OCCOCCOCCOCCOCCOCCOCCOCCOCCOCCOCCOCCOCCOCCOCCOCCOCCOC(=O)C(=C)C,C=CCC(C)(C)N,150.0,107.748795,200.0,20.992195,-42.25120544433594,-179.00780487060547
Design a TSMP with a glass transition temperature of 140°C and an elastic recovery of 80 MPa.,N=CC(OCC1CO1)CC,CCCC(=O)OCC(CC)(COC(=O)CCS)COC(=O)CCS,140.0,46.112324,80.0,24.53626,-93.88767623901367,-55.4637393951416
Design a TSMP with a glass transition temperature of 140°C and an elastic recovery of 80 MPa.,CC(C/C=C\CC(=O)OCC(O)COc3ccc(C(C)(C)c2ccc(OCC1CO1)cc2)cc3)C(=O)OCC(O)COc6ccc(C(C)(C)c5ccc(OCC4CO4)cc5)cc6,C=C(C)C(=O)OC,140.0,87.41652,80.0,46.613724,-52.58348083496094,-33.38627624511719
Design a TSMP with a glass transition temperature of 140°C and an elastic recovery of 80 MPa.,C1OC1COC3COC4C(OC2CO2)COC34,CCCCCCCCC,140.0,68.39839,80.0,17.59385,-71.60160827636719,-62.406150817871094
Design a TSMP with a glass transition temperature of 140°C and an elastic recovery of 80 MPa.,C=C(C)C(=C)OCOCCOC(=O)C(=C)C,CCC(COCC(C)OCC(C)N)(COCC(C)OCC(C)N)COCC(C)OCC(C)N,140.0,49.167767,80.0,22.973753,-90.83223342895508,-57.02624702453613
Design a TSMP with a glass transition temperature of 140°C and an elastic recovery of 80 MPa.,Nc2ccc(SSc1ccc(N)cc1)cc2,NCCOCCOCCN,140.0,146.59035,80.0,28.18705,6.5903472900390625,-51.812950134277344
Generate a thermoset shape memory polymer with Tg = 60°C and Er = 100 MPa.,C=Cn1c(=O)n(CC=C)c(=O)n(CC=C)c1=O,NCCOCCOCCN,60.0,54.66862,100.0,19.702486,-5.331378936767578,-80.29751396179199
Generate a thermoset shape memory polymer with Tg = 60°C and Er = 100 MPa.,CCCCCCCCC1OC1CCCCCCCC(=O)OCC(COC(=O)CCCCCCCC2OC2CC3OC3CC4OC4CC)OC(=O)CCCCCCCC5OC5CC6OC6CC7OC7CC,COCCOCCOCCOCCOCCOCCOCCOCCOCCOCCOCCOCCOCCOCCOCCOCCOCCOCCOCCOCCOCCOCC(C)OCC(C)OCC(C)OCC(C)OCC(C)OCC(C)OCC(C)OCC(C)OCC(C)OCC(C)N,60.0,234.30106,100.0,51.222683,174.30105590820312,-48.77731704711914
Generate a thermoset shape memory polymer with Tg = 60°C and Er = 100 MPa.,CC(=O)OCCOCCOCCOCCOCCOCCOCCOCCOCCOCCOCCOCCOCCOC(=O)Cc2ccc(CCc1ccc(CCN)CC1)cc2,CCCCCCCCCN,60.0,105.282715,100.0,14.413926,45.28271484375,-85.58607387542725
Generate a thermoset shape memory polymer with Tg = 60°C and Er = 100 MPa.,C=C(C)C(=O)OCCOCCOCCOCCOCCOC(=O)C(C)=O,CCC(=O)OCCCC,60.0,63.52283,100.0,17.937586,3.5228309631347656,-82.06241416931152
Create a thermoset polymer with Tg around 100°C and Er near 100 MPa.,Nc2ccc(Oc1ccc(N)cc1)cc2,CCCCCCCCC(C)(C)CCCCCCCC(C)(C)CCCCCCCC,100.0,75.67896,100.0,23.239328,-24.32103729248047,-76.76067161560059
Create a thermoset polymer with Tg around 100°C and Er near 100 MPa.,CCCCCCCC(=O)OCC(COC(=O)CCCCCCCCCC)(COC(=O)CCCCCCCCCC)COC(=O)CCCCCCCCCC,CCCC(=O)OCC(CC)(COC(=O)CCS)COC(=O)CCS,100.0,65.31139,100.0,23.303717,-34.68860626220703,-76.6962833404541
